日期,单位净值
20011218,1.0000
20011221,1.0000
20011228,1.0000
20011231,1.0000
20020104,1.0000
20020111,1.0010
20020118,1.0000
20020125,1.0050
20020130,1.0020
20020131,1.0100
20020201,1.0090
20020204,1.0110
20020205,1.0120
20020206,1.0090
20020207,1.0120
20020208,1.0120
20020225,1.0140
20020226,1.0150
20020227,1.0150
20020228,1.0130
20020301,1.0110
20020304,1.0130
20020305,1.0190
20020306,1.0200
20020307,1.0260
20020308,1.0310
20020311,1.0360
20020312,1.0300
20020313,1.0250
20020314,1.0340
20020315,1.0250
20020318,1.0270
20020319,1.0350
20020320,1.0390
20020321,1.0400
20020322,1.0360
20020325,1.0360
20020326,1.0300
20020327,1.0320
20020328,1.0320
20020329,1.0230
20020331,1.0230
20020401,1.0240
20020402,1.0190
20020403,1.0200
20020404,1.0300
20020405,1.0290
20020408,1.0290
20020409,1.0410
20020410,1.0450
20020411,1.0400
20020412,1.0420
20020415,1.0410
20020416,1.0400
20020417,1.0420
20020418,1.0370
20020419,1.0390
20020422,1.0370
20020423,1.0360
20020424,1.0310
20020425,1.0330
20020426,1.0380
20020429,1.0450
20020430,1.0460
20020508,1.0430
20020509,1.0430
20020510,1.0420
20020513,1.0370
20020514,1.0370
20020515,1.0340
20020516,1.0250
20020517,1.0310
20020520,1.0250
20020521,1.0360
20020522,1.0330
20020523,1.0350
20020524,1.0330
20020527,1.0360
20020528,1.0370
20020529,1.0290
20020530,1.0300
20020531,1.0270
20020603,1.0180
20020604,1.0200
20020605,1.0120
20020606,1.0310
20020607,1.0330
20020610,1.0300
20020611,1.0330
20020612,1.0300
20020613,1.0240
20020614,1.0180
20020617,1.0180
20020618,1.0280
20020619,1.0220
20020620,1.0250
20020621,1.0420
20020624,1.0860
20020625,1.0870
20020626,1.0650
20020627,1.0650
20020628,1.0730
20020630,1.0730
20020701,1.0700
20020702,1.0720
20020703,1.0720
20020704,1.0670
20020705,1.0690
20020708,1.0720
20020709,1.0710
20020710,1.0630
20020711,1.0620
20020712,1.0630
20020715,1.0590
20020716,1.0580
20020717,1.0590
20020718,1.0610
20020719,1.0630
20020722,1.0550
20020723,1.0530
20020724,1.0520
20020725,1.0490
20020726,1.0490
20020729,1.0510
20020730,1.0510
20020731,1.0450
20020801,1.0470
20020802,1.0480
20020805,1.0460
20020806,1.0500
20020807,1.0500
20020808,1.0470
20020809,1.0430
20020812,1.0380
20020813,1.0380
20020814,1.0430
20020815,1.0400
20020816,1.0420
20020819,1.0420
20020820,1.0510
20020821,1.0520
20020822,1.0580
20020823,1.0560
20020826,1.0520
20020827,1.0560
20020828,1.0540
20020829,1.0500
20020830,1.0500
20020902,1.0510
20020903,1.0540
20020904,1.0510
20020905,1.0430
20020906,1.0400
20020909,1.0370
20020910,1.0370
20020911,1.0350
20020912,1.0370
20020913,1.0380
20020916,1.0270
20020917,1.0280
20020918,1.0240
20020919,1.0320
20020920,1.0270
20020923,1.0260
20020924,1.0250
20020925,1.0260
20020926,1.0230
20020927,1.0210
20020930,1.0200
20021008,1.0140
20021009,1.0080
20021010,1.0040
20021011,1.0020
20021014,1.0030
20021015,1.0000
20021016,1.0040
20021017,0.9970
20021018,0.9980
20021021,1.0000
20021022,1.0050
20021023,1.0040
20021024,1.0000
20021025,0.9960
20021028,0.9890
20021029,0.9910
20021030,0.9910
20021031,0.9900
20021101,0.9920
20021104,1.0000
20021105,1.0070
20021106,1.0040
20021107,1.0050
20021108,0.9970
20021111,0.9940
20021112,0.9920
20021113,0.9920
20021114,0.9860
20021115,0.9860
20021118,0.9830
20021119,0.9850
20021120,0.9770
20021121,0.9680
20021122,0.9690
20021125,0.9700
20021126,0.9620
20021127,0.9630
20021128,0.9730
20021129,0.9760
20021202,0.9660
20021203,0.9700
20021204,0.9710
20021205,0.9690
20021206,0.9690
20021209,0.9680
20021210,0.9620
20021211,0.9600
20021212,0.9610
20021213,0.9640
20021216,0.9660
20021217,0.9680
20021218,0.9660
20021219,0.9660
20021220,0.9710
20021223,0.9710
20021224,0.9710
20021225,0.9680
20021226,0.9560
20021227,0.9540
20021230,0.9470
20021231,0.9450
20030102,0.9330
20030103,0.9330
20030106,0.9370
20030107,0.9350
20030108,0.9540
20030109,0.9640
20030110,0.9590
20030113,0.9600
20030114,0.9930
20030115,1.0000
20030116,1.0080
20030117,1.0040
20030120,1.0060
20030121,0.9990
20030122,0.9980
20030123,0.9960
20030124,1.0030
20030127,1.0080
20030128,1.0100
20030129,1.0100
20030210,1.0040
20030211,1.0070
20030212,1.0110
20030213,1.0090
20030214,1.0110
20030217,1.0070
20030218,1.0070
20030219,1.0100
20030220,1.0110
20030221,1.0040
20030224,1.0050
20030225,1.0130
20030226,1.0140
20030227,1.0130
20030228,1.0140
20030303,1.0200
20030304,1.0190
20030305,1.0200
20030306,1.0140
20030307,1.0130
20030310,1.0050
20030311,1.0050
20030312,1.0080
20030313,1.0060
20030314,1.0060
20030317,1.0060
20030318,1.0040
20030319,1.0060
20030320,1.0050
20030321,1.0100
20030324,1.0100
20030325,1.0050
20030326,1.0040
20030327,1.0180
20030328,1.0160
20030331,1.0230
20030401,1.0280
20030402,1.0280
20030403,1.0250
20030404,1.0280
20030407,1.0240
20030408,1.0260
20030409,1.0420
20030410,1.0450
20030411,1.0570
20030414,1.0730
20030415,1.0830
20030416,1.0740
20030417,1.0810
20030418,1.0730
20030421,1.0570
20030422,1.0550
20030423,1.0430
20030424,1.0280
20030425,1.0190
20030428,1.0390
20030429,1.0280
20030430,1.0300
20030512,1.0330
20030513,1.0200
20030514,1.0300
20030515,1.0430
20030516,1.0430
20030519,1.0460
20030520,1.0370
20030521,1.0370
20030522,1.0400
20030523,1.0460
20030526,1.0490
20030527,1.0480
20030528,1.0420
20030529,1.0500
20030530,1.0530
20030602,1.0550
20030603,1.0490
20030604,1.0550
20030605,1.0460
20030606,1.0390
20030609,1.0310
20030610,1.0340
20030611,1.0440
20030612,1.0430
20030613,1.0460
20030616,1.0420
20030617,1.0380
20030618,1.0360
20030619,1.0290
20030620,1.0230
20030623,1.0170
20030624,1.0170
20030625,0.9800
20030626,0.9860
20030627,0.9750
20030630,0.9730
20030701,0.9700
20030702,0.9780
20030703,0.9800
20030704,0.9790
20030707,0.9820
20030708,0.9850
20030709,0.9820
20030710,0.9950
20030711,0.9940
20030714,0.9920
20030715,0.9940
20030716,0.9970
20030717,1.0030
20030718,0.9890
20030721,0.9880
20030722,0.9890
20030723,0.9930
20030724,0.9880
20030725,0.9820
20030728,0.9810
20030729,0.9840
20030730,0.9860
20030731,0.9860
20030801,0.9850
20030804,0.9910
20030805,0.9900
20030806,0.9840
20030807,0.9850
20030808,0.9760
20030811,0.9780
20030812,0.9820
20030813,0.9740
20030814,0.9680
20030815,0.9650
20030818,0.9650
20030819,0.9670
20030820,0.9640
20030821,0.9630
20030822,0.9610
20030825,0.9550
20030826,0.9560
20030827,0.9530
20030828,0.9500
20030829,0.9540
20030901,0.9680
20030902,0.9650
20030903,0.9610
20030904,0.9590
20030905,0.9510
20030908,0.9500
20030909,0.9460
20030910,0.9480
20030911,0.9500
20030912,0.9440
20030915,0.9370
20030916,0.9390
20030917,0.9320
20030918,0.9320
20030919,0.9320
20030922,0.9260
20030923,0.9290
20030924,0.9300
20030925,0.9220
20030926,0.9230
20030929,0.9150
20030930,0.9200
20031008,0.9230
20031009,0.9230
20031010,0.9380
20031013,0.9340
20031014,0.9300
20031015,0.9270
20031016,0.9190
20031017,0.9220
20031020,0.9190
20031021,0.9200
20031022,0.9390
20031023,0.9340
20031024,0.9370
20031027,0.9340
20031028,0.9410
20031029,0.9440
20031030,0.9370
20031031,0.9360
20031103,0.9460
20031104,0.9640
20031105,0.9630
20031106,0.9550
20031107,0.9430
20031110,0.9480
20031111,0.9460
20031112,0.9320
20031113,0.9270
20031114,0.9310
20031117,0.9270
20031118,0.9230
20031119,0.9290
20031120,0.9430
20031121,0.9400
20031124,0.9560
20031125,0.9550
20031126,0.9580
20031127,0.9490
20031128,0.9550
20031201,0.9690
20031202,0.9700
20031203,0.9730
20031204,0.9780
20031205,0.9790
20031208,0.9740
20031209,0.9730
20031210,0.9890
20031211,0.9940
20031212,0.9920
20031215,0.9910
20031216,0.9910
20031217,0.9840
20031218,0.9960
20031219,1.0030
20031222,1.0250
20031223,1.0340
20031224,1.0530
20031225,1.0550
20031226,1.0520
20031229,1.0380
20031230,1.0440
20031231,1.0340
20040102,1.0460
20040105,1.0910
20040106,1.1090
20040107,1.1130
20040108,1.1250
20040109,1.1150
20040112,1.1380
20040113,1.1320
20040114,1.1160
20040115,1.1190
20040116,1.1270
20040129,1.1360
20040130,1.1180
20040202,1.1360
20040203,1.1420
20040204,1.1670
20040205,1.1630
20040206,1.1540
20040209,1.1680
20040210,1.1600
20040211,1.1510
20040212,1.1440
20040213,1.1500
20040216,1.1730
20040217,1.1690
20040218,1.1800
20040219,1.1760
20040220,1.1740
20040223,1.1510
20040224,1.1630
20040225,1.1430
20040226,1.1520
20040227,1.1670
20040301,1.1740
20040302,1.1690
20040303,1.1540
20040304,1.1590
20040305,1.1540
20040308,1.1450
20040309,1.1520
20040310,1.1730
20040311,1.1800
20040312,1.1850
20040315,1.2090
20040316,1.2120
20040317,1.2090
20040318,1.1950
20040319,1.2130
20040322,1.2150
20040323,1.2040
20040324,1.2030
20040325,1.2040
20040326,1.2050
20040329,1.1960
20040330,1.1940
20040331,1.2000
20040401,1.2110
20040402,1.2190
20040405,1.2170
20040406,1.2240
20040407,1.2210
20040408,1.2190
20040409,1.1980
20040412,1.1910
20040413,1.1800
20040414,1.1730
20040415,1.1670
20040416,1.1810
20040419,1.1750
20040420,1.1700
20040421,1.1540
20040422,1.1600
20040423,1.1490
20040426,1.1560
20040427,1.1470
20040428,1.1370
20040429,1.1200
20040430,1.1270
20040510,1.0950
20040511,1.0990
20040512,1.1210
20040513,1.1180
20040514,1.1030
20040517,1.0940
20040518,1.0970
20040519,1.0950
20040520,1.0920
20040521,1.1000
20040524,1.0980
20040525,1.0850
20040526,1.0900
20040527,1.1090
20040528,1.1060
20040531,1.1080
20040601,1.1200
20040602,1.1110
20040603,1.1010
20040604,1.0960
20040607,1.0840
20040608,1.0750
20040609,1.0680
20040610,1.0740
20040611,1.0730
20040614,1.0580
20040615,1.0700
20040616,1.0750
20040617,1.0590
20040618,1.0460
20040621,1.0450
20040622,1.0530
20040623,1.0420
20040624,1.0400
20040625,1.0000
20040628,0.9950
20040629,1.0120
20040630,1.0150
20040701,1.0380
20040702,1.0390
20040705,1.0410
20040706,1.0420
20040707,1.0350
20040708,1.0370
20040709,1.0360
20040712,1.0250
20040713,1.0310
20040714,1.0390
20040715,1.0500
20040716,1.0630
20040719,1.0650
20040720,1.0600
20040721,1.0630
20040722,1.0440
20040723,1.0430
20040726,1.0340
20040727,1.0280
20040728,1.0310
20040729,1.0390
20040730,1.0320
20040802,1.0250
20040803,1.0160
20040804,1.0370
20040805,1.0290
20040806,1.0320
20040809,1.0380
20040810,1.0390
20040811,1.0320
20040812,1.0270
20040813,1.0270
20040816,1.0220
20040817,1.0260
20040818,1.0270
20040819,1.0250
20040820,1.0260
20040823,1.0140
20040824,1.0180
20040825,1.0160
20040826,1.0160
20040827,1.0080
20040830,1.0040
20040831,1.0140
20040901,1.0040
20040902,1.0030
20040903,1.0010
20040906,0.9980
20040907,1.0010
20040908,0.9930
20040909,0.9810
20040910,0.9840
20040913,0.9740
20040914,0.9930
20040915,1.0180
20040916,1.0250
20040917,1.0480
20040920,1.0670
20040921,1.0610
20040922,1.0520
20040923,1.0760
20040924,1.0700
20040927,1.0730
20040928,1.0790
20040929,1.0720
20040930,1.0640
20041008,1.0770
20041011,1.0710
20041012,1.0540
20041013,1.0550
20041014,1.0330
20041015,1.0350
20041018,1.0360
20041019,1.0410
20041020,1.0450
20041021,1.0370
20041022,1.0480
20041025,1.0370
20041026,1.0460
20041027,1.0560
20041028,1.0530
20041029,1.0420
20041101,1.0370
20041102,1.0330
20041103,1.0420
20041104,1.0290
20041105,1.0250
20041108,1.0270
20041109,1.0300
20041110,1.0570
20041111,1.0500
20041112,1.0550
20041115,1.0650
20041116,1.0690
20041117,1.0620
20041118,1.0680
20041119,1.0730
20041122,1.0710
20041123,1.0600
20041124,1.0580
20041125,1.0580
20041126,1.0580
20041129,1.0520
20041130,1.0520
20041201,1.0450
20041202,1.0370
20041203,1.0370
20041206,1.0350
20041207,1.0290
20041208,1.0320
20041209,1.0410
20041210,1.0360
20041213,1.0330
20041214,1.0340
20041215,1.0420
20041216,1.0420
20041217,1.0330
20041220,1.0170
20041221,1.0150
20041222,1.0330
20041223,1.0260
20041224,1.0290
20041227,1.0290
20041228,1.0040
20041229,1.0040
20041230,1.0090
20041231,1.0130
20050104,0.9950
20050105,0.9980
20050106,0.9910
20050107,0.9890
20050110,0.9920
20050111,0.9940
20050112,0.9990
20050113,1.0010
20050114,0.9950
20050117,0.9850
20050118,0.9870
20050119,0.9760
20050120,0.9710
20050121,0.9940
20050124,1.0050
20050125,1.0090
20050126,1.0050
20050127,0.9960
20050128,0.9960
20050131,0.9920
20050201,0.9900
20050202,1.0280
20050203,1.0210
20050204,1.0400
20050216,1.0440
20050217,1.0340
20050218,1.0260
20050221,1.0390
20050222,1.0520
20050223,1.0450
20050224,1.0380
20050225,1.0410
20050228,1.0310
20050301,1.0270
20050302,1.0180
20050303,1.0200
20050304,1.0180
20050307,1.0180
20050308,1.0260
20050309,1.0220
20050310,1.0120
20050311,1.0180
20050314,1.0280
20050315,1.0150
20050316,1.0050
20050317,0.9940
20050318,0.9900
20050321,0.9860
20050322,0.9880
20050323,0.9870
20050324,0.9870
20050325,0.9890
20050328,0.9880
20050329,0.9840
20050330,0.9840
20050331,0.9850
20050401,1.0080
20050404,0.9970
20050405,0.9970
20050406,1.0100
20050407,1.0140
20050408,1.0210
20050411,1.0100
20050412,1.0070
20050413,1.0160
20050414,1.0100
20050415,1.0060
20050418,1.0010
20050419,1.0040
20050420,1.0000
20050421,0.9990
20050422,0.9970
20050425,0.9950
20050426,0.9930
20050427,0.9940
20050428,1.0050
20050429,1.0030
20050509,0.9850
20050510,0.9890
20050511,0.9730
20050512,0.9620
20050513,0.9520
20050516,0.9420
20050517,0.9520
20050518,0.9470
20050519,0.9500
20050520,0.9520
20050523,0.9410
20050524,0.9420
20050525,0.9360
20050526,0.9200
20050527,0.9010
20050530,0.9030
20050531,0.9040
20050601,0.8880
20050602,0.8590
20050603,0.8610
20050606,0.8840
20050607,0.8820
20050608,0.9380
20050609,0.9410
20050610,0.9220
20050613,0.9180
20050614,0.9140
20050615,0.9070
20050616,0.9170
20050617,0.9210
20050620,0.9400
20050621,0.9360
20050622,0.9410
20050623,0.9360
20050624,0.9360
20050627,0.9440
20050628,0.9340
20050629,0.9290
20050630,0.9230
20050701,0.9140
20050704,0.9110
20050705,0.9120
20050706,0.9020
20050707,0.8980
20050708,0.8930
20050711,0.8890
20050712,0.9050
20050713,0.8990
20050714,0.9020
20050715,0.8970
20050718,0.8930
20050719,0.8930
20050720,0.9010
20050721,0.9020
20050722,0.9150
20050725,0.9170
20050726,0.9280
20050727,0.9370
20050728,0.9350
20050729,0.9320
20050801,0.9340
20050802,0.9370
20050803,0.9370
20050804,0.9320
20050805,0.9430
20050808,0.9420
20050809,0.9440
20050810,0.9500
20050811,0.9660
20050812,0.9550
20050815,0.9680
20050816,0.9600
20050817,0.9660
20050818,0.9500
20050819,0.9500
20050822,0.9550
20050823,0.9530
20050824,0.9570
20050825,0.9530
20050826,0.9510
20050829,0.9440
20050830,0.9440
20050831,0.9510
20050901,0.9600
20050902,0.9610
20050905,0.9620
20050906,0.9540
20050907,0.9630
20050908,0.9680
20050909,0.9650
20050912,0.9640
20050913,0.9730
20050914,0.9770
20050915,0.9770
20050916,0.9730
20050919,0.9730
20050920,0.9690
20050921,0.9580
20050922,0.9480
20050923,0.9470
20050926,0.9490
20050927,0.9420
20050928,0.9450
20050929,0.9540
20050930,0.9560
20051010,0.9530
20051011,0.9580
20051012,0.9590
20051013,0.9530
20051014,0.9420
20051017,0.9380
20051018,0.9390
20051019,0.9360
20051020,0.9410
20051021,0.9420
20051024,0.9420
20051025,0.9320
20051026,0.9230
20051027,0.9270
20051028,0.9220
20051031,0.9270
20051101,0.9270
20051102,0.9280
20051103,0.9210
20051104,0.9200
20051107,0.9160
20051108,0.9180
20051109,0.9210
20051110,0.9140
20051111,0.9170
20051114,0.9120
20051115,0.9020
20051116,0.9020
20051117,0.9030
20051118,0.9130
20051121,0.9140
20051122,0.9090
20051123,0.9130
20051124,0.9140
20051125,0.9110
20051128,0.9080
20051129,0.9020
20051130,0.9020
20051201,0.8980
20051202,0.8950
20051205,0.8870
20051206,0.8900
20051207,0.8950
20051208,0.8960
20051209,0.9070
20051212,0.9090
20051213,0.9060
20051214,0.9120
20051215,0.9130
20051216,0.9190
20051219,0.9190
20051220,0.9250
20051221,0.9240
20051222,0.9320
20051223,0.9380
20051226,0.9420
20051227,0.9410
20051228,0.9440
20051229,0.9660
20051230,0.9590
20051231,0.9590
20060104,0.9760
20060105,0.9920
20060106,1.0040
20060109,1.0070
20060110,1.0110
20060111,1.0100
20060112,1.0130
20060113,1.0060
20060116,0.9940
20060117,0.9950
20060118,1.0070
20060119,1.0130
20060120,1.0130
20060123,1.0100
20060124,1.0160
20060125,1.0280
20060206,1.0440
20060207,1.0350
20060208,1.0310
20060209,1.0220
20060210,1.0290
20060213,1.0270
20060214,1.0350
20060215,1.0360
20060216,1.0210
20060217,1.0220
20060220,1.0190
20060221,1.0290
20060222,1.0280
20060223,1.0240
20060224,1.0330
20060227,1.0380
20060228,1.0440
20060301,1.0500
20060302,1.0410
20060303,1.0430
20060306,1.0410
20060307,1.0230
20060308,1.0180
20060309,1.0170
20060310,1.0220
20060313,1.0310
20060314,1.0310
20060315,1.0420
20060316,1.0440
20060317,1.0430
20060320,1.0550
20060321,1.0590
20060322,1.0710
20060323,1.0730
20060324,1.0690
20060327,1.0740
20060328,1.0820
20060329,1.0880
20060330,1.0820
20060331,1.0960
20060403,1.1210
20060404,1.1330
20060405,1.1450
20060406,1.1500
20060407,1.1540
20060410,1.1620
20060411,1.1710
20060412,1.1640
20060413,1.1360
20060414,1.1570
20060417,1.1610
20060418,1.1650
20060419,1.1770
20060420,1.1760
20060421,1.1680
20060424,1.1860
20060425,1.2040
20060426,1.2270
20060427,1.2320
20060428,1.2640
20060508,1.2990
20060509,1.3450
20060510,1.3340
20060511,1.3330
20060512,1.3710
20060515,1.4210
20060516,1.3790
20060517,1.3660
20060518,1.3870
20060519,1.3990
20060522,1.3890
20060523,1.3360
20060524,1.3240
20060525,1.3150
20060526,1.3460
20060529,1.3430
20060530,1.3740
20060531,1.3850
20060601,1.4150
20060602,1.3800
20060605,1.3720
20060606,1.3540
20060607,1.2850
20060608,1.2630
20060609,1.2570
20060612,1.2710
20060613,1.2810
20060614,1.2760
20060615,1.2830
20060616,1.3080
20060619,1.3370
20060620,1.3480
20060621,1.3380
20060622,1.3330
20060623,1.3440
20060626,1.3520
20060627,1.3560
20060628,1.3500
20060629,1.3790
20060630,1.3810
20060703,1.3840
20060704,1.3900
20060705,1.3850
20060706,1.4190
20060707,1.4080
20060710,1.4040
20060711,1.4080
20060712,1.4200
20060713,1.3540
20060714,1.3550
20060717,1.3680
20060718,1.3640
20060719,1.3300
20060720,1.3400
20060721,1.3510
20060724,1.3570
20060725,1.3750
20060726,1.3380
20060727,1.3250
20060728,1.3090
20060731,1.2720
20060801,1.2630
20060802,1.2550
20060803,1.2460
20060804,1.2220
20060807,1.2160
20060808,1.2330
20060809,1.2360
20060810,1.2440
20060811,1.2500
20060814,1.2240
20060815,1.2350
20060816,1.2480
20060817,1.2430
20060818,1.2370
20060821,1.2410
20060822,1.2540
20060823,1.2560
20060824,1.2620
20060825,1.2670
20060828,1.2820
20060829,1.2920
20060830,1.2910
20060831,1.2650
20060901,1.2590
20060904,1.2700
20060905,1.2690
20060906,1.2710
20060907,1.2590
20060908,1.2650
20060911,1.2680
20060912,1.2720
20060913,1.2680
20060914,1.2710
20060915,1.2870
20060918,1.2980
20060919,1.3070
20060920,1.3100
20060921,1.3250
20060922,1.3230
20060925,1.3230
20060926,1.3160
20060927,1.2970
20060928,1.3110
20060929,1.3180
20060930,1.3170
20061009,1.3420
20061010,1.3380
20061011,1.3290
20061012,1.3140
20061013,1.3180
20061016,1.2980
20061017,1.3040
20061018,1.3200
20061019,1.3290
20061020,1.3300
20061023,1.3080
20061024,1.3230
20061025,1.3370
20061026,1.3400
20061027,1.3290
20061030,1.3210
20061031,1.3300
20061101,1.3360
20061102,1.3320
20061103,1.3370
20061106,1.3460
20061107,1.3430
20061108,1.3410
20061109,1.3560
20061110,1.3490
20061113,1.3270
20061114,1.3340
20061115,1.3680
20061116,1.3760
20061117,1.3960
20061120,1.4040
20061121,1.4100
20061122,1.4370
20061123,1.4390
20061124,1.4490
20061127,1.4640
20061128,1.4720
20061129,1.4920
20061130,1.5280
20061201,1.5440
20061204,1.5670
20061205,1.5650
20061206,1.5490
20061207,1.5370
20061208,1.5090
20061211,1.5580
20061212,1.5760
20061213,1.5900
20061214,1.6140
20061215,1.6460
20061218,1.6990
20061219,1.6960
20061220,1.7030
20061221,1.6840
20061222,1.6680
20061225,1.6910
20061226,1.6900
20061227,1.7190
20061228,1.7110
20061229,1.7530
20061231,1.7530
20070104,1.7530
20070105,1.7500
20070108,1.7820
20070109,1.8340
20070110,1.8540
20070111,1.8340
20070112,0.9790
20070115,1.0540
20070116,1.0660
20070117,1.0580
20070118,1.0660
20070119,1.0820
20070122,1.1060
20070123,1.1040
20070124,1.1090
20070125,1.0760
20070126,1.0960
20070129,1.1200
20070130,1.1140
20070131,1.0580
20070201,1.0620
20070202,1.0380
20070205,1.0280
20070206,1.0350
20070207,1.0500
20070208,1.0590
20070209,1.0500
20070212,1.0850
20070213,1.0980
20070214,1.1220
20070215,1.1590
20070216,1.1620
20070226,1.1680
20070227,1.0760
20070228,1.0970
20070301,1.0670
20070302,1.0820
20070305,1.0720
20070306,1.0870
20070307,1.1140
20070308,1.1250
20070309,1.1250
20070312,1.1240
20070313,1.1270
20070314,1.1150
20070315,1.1370
20070316,1.1190
20070319,1.1350
20070320,1.1330
20070321,1.1380
20070322,1.1390
20070323,1.1360
20070326,1.1540
20070327,1.1540
20070328,1.1580
20070329,1.1550
20070330,1.1560
20070331,1.1560
20070402,1.1800
20070403,1.1970
20070404,1.2080
20070405,1.2140
20070406,1.2240
20070409,1.2520
20070410,1.2640
20070411,1.2670
20070412,1.2860
20070413,1.2850
20070416,1.3180
20070417,1.3370
20070418,1.3490
20070419,1.2950
20070420,1.3420
20070423,1.3910
20070424,1.3910
20070425,1.3880
20070426,1.4030
20070427,1.3890
20070430,1.4180
20070508,1.4550
20070509,1.4580
20070510,1.4560
20070511,1.4490
20070514,1.4700
20070515,1.4310
20070516,1.4600
20070517,1.4900
20070518,1.5010
20070521,1.5250
20070522,1.5250
20070523,1.5500
20070524,1.5500
20070525,1.5700
20070528,1.5980
20070529,1.6340
20070530,1.5570
20070531,1.5920
20070601,1.5510
20070604,1.4740
20070605,1.5100
20070606,1.5370
20070607,1.5690
20070608,1.5720
20070611,1.6130
20070612,1.6550
20070613,1.6830
20070614,1.6670
20070615,1.6690
20070618,1.7000
20070619,1.7100
20070620,1.6940
20070621,1.7260
20070622,1.7000
20070625,1.6510
20070626,1.6500
20070627,1.6940
20070628,1.6300
20070629,1.6000
20070630,1.6000
20070702,1.5950
20070703,1.6200
20070704,1.6050
20070705,1.5440
20070706,1.5990
20070709,1.6470
20070710,1.6360
20070711,1.6480
20070712,1.6520
20070713,1.6510
20070716,1.6200
20070717,1.6590
20070718,1.6700
20070719,1.6680
20070720,1.7300
20070723,1.7830
20070724,1.7840
20070725,1.7980
20070726,1.8090
20070727,1.8110
20070730,1.8380
20070731,1.8490
20070801,1.8170
20070802,1.8820
20070803,1.9380
20070806,1.9590
20070807,1.9830
20070808,1.9600
20070809,1.9870
20070810,1.9610
20070813,1.9400
20070814,1.9600
20070815,1.9660
20070816,1.9450
20070817,1.9160
20070820,1.9910
20070821,2.0140
20070822,2.0490
20070823,2.0800
20070824,2.1060
20070827,2.0860
20070828,2.0900
20070829,2.0840
20070830,2.1130
20070831,2.1420
20070903,2.1680
20070904,2.1580
20070905,2.1550
20070906,2.1660
20070907,2.1420
20070910,2.1740
20070911,2.1200
20070912,2.1500
20070913,2.1880
20070914,2.1950
20070917,2.2180
20070918,2.1900
20070919,2.1700
20070920,2.1790
20070921,2.1790
20070924,2.1800
20070925,2.1750
20070926,2.1550
20070927,2.1790
20070928,2.2250
20070930,2.2250
20071008,2.2380
20071009,2.2530
20071010,2.2650
20071011,2.2790
20071012,2.2750
20071015,2.2670
20071016,2.2920
20071017,2.2630
20071018,2.1960
20071019,2.2190
20071022,2.1860
20071023,2.2050
20071024,2.2240
20071025,2.1530
20071026,2.1640
20071029,2.1960
20071030,2.2100
20071031,2.2430
20071101,2.2080
20071102,2.1530
20071105,2.1320
20071106,2.1300
20071107,2.1400
20071108,2.0830
20071109,2.0500
20071112,2.0260
20071113,2.0180
20071114,2.0730
20071115,2.0530
20071116,2.0240
20071119,2.0220
20071120,2.0340
20071121,2.0270
20071122,1.9550
20071123,1.9850
20071126,1.9810
20071127,1.9590
20071128,1.9350
20071129,1.9870
20071130,1.9570
20071203,1.9650
20071204,1.9760
20071205,2.0210
20071206,2.0270
20071207,2.0450
20071210,2.0930
20071211,2.1060
20071212,2.0910
20071213,2.0210
20071214,2.0640
20071217,2.0470
20071218,2.0320
20071219,2.0530
20071220,2.0790
20071221,2.1100
20071224,2.1430
20071225,2.1520
20071226,2.1740
20071227,2.2110
20071228,2.2130
20071229,2.2130
20071231,2.2120
20080102,2.2260
20080103,2.2460
20080104,2.2610
20080107,2.2920
20080108,2.2670
20080109,2.3020
20080110,2.3390
20080111,2.3520
20080114,2.3590
20080115,2.3440
20080116,2.2820
20080117,2.2540
20080118,2.2820
20080121,2.2040
20080122,2.0970
20080123,1.6860
20080124,1.7130
20080125,1.7330
20080128,1.6580
20080129,1.6590
20080130,1.6340
20080131,1.6000
20080201,1.5880
20080204,1.6830
20080205,1.6680
20080213,1.6400
20080214,1.6550
20080215,1.6380
20080218,1.6810
20080219,1.7130
20080220,1.6830
20080221,1.6830
20080222,1.6370
20080225,1.5960
20080226,1.5740
20080227,1.5960
20080228,1.5980
20080229,1.6100
20080303,1.6460
20080304,1.6190
20080305,1.6090
20080306,1.6210
20080307,1.6100
20080310,1.5620
20080311,1.5650
20080312,1.5340
20080313,1.5050
20080314,1.4870
20080317,1.4360
20080318,1.3840
20080319,1.4210
20080320,1.4510
20080321,1.4660
20080324,1.4230
20080325,1.4380
20080326,1.4420
20080327,1.4140
20080328,1.4560
20080331,1.4210
20080401,1.3520
20080402,1.3280
20080403,1.3540
20080407,1.4040
20080408,1.4220
20080409,1.3740
20080410,1.3990
20080411,1.4060
20080414,1.3330
20080415,1.3310
20080416,1.3070
20080417,1.2790
20080418,1.2580
20080421,1.2370
20080422,1.2360
20080423,1.2870
20080424,1.3780
20080425,1.3790
20080428,1.3580
20080429,1.3710
20080430,1.4160
20080505,1.4400
20080506,1.4320
20080507,1.4000
20080508,1.4320
20080509,1.4280
20080512,1.4280
20080513,1.4370
20080514,1.4570
20080515,1.4520
20080516,1.4430
20080519,1.4420
20080520,1.4000
20080521,1.4170
20080522,1.4070
20080523,1.3950
20080526,1.3660
20080527,1.3700
20080528,1.3920
20080529,1.3720
20080530,1.3730
20080602,1.3700
20080603,1.3710
20080604,1.3620
20080605,1.3490
20080606,1.3450
20080610,1.2920
20080611,1.2830
20080612,1.2670
20080613,1.2410
20080616,1.2300
20080617,1.2100
20080618,1.2440
20080619,1.1960
20080620,1.2090
20080623,1.1890
20080624,1.2120
20080625,1.2500
20080626,1.2600
20080627,1.2250
20080630,1.2200
20080701,1.1930
20080702,1.1950
20080703,1.2140
20080704,1.2050
20080707,1.2470
20080708,1.2570
20080709,1.2860
20080710,1.2810
20080711,1.2750
20080714,1.2830
20080715,1.2520
20080716,1.2290
20080717,1.2230
20080718,1.2420
20080721,1.2780
20080722,1.2770
20080723,1.2680
20080724,1.2900
20080725,1.2800
20080728,1.2790
20080729,1.2710
20080730,1.2630
20080731,1.2440
20080801,1.2430
20080804,1.2220
20080805,1.2020
20080806,1.1980
20080807,1.1950
20080808,1.1730
20080811,1.1420
20080812,1.1470
20080813,1.1560
20080814,1.1610
20080815,1.1520
20080818,1.1160
20080819,1.1220
20080820,1.1670
20080821,1.1410
20080822,1.1310
20080825,1.1290
20080826,1.1040
20080827,1.0950
20080828,1.0930
20080829,1.1080
20080901,1.0810
20080902,1.0640
20080903,1.0410
20080904,1.0430
20080905,1.0230
20080908,1.0020
20080909,0.9990
20080910,0.9970
20080911,0.9790
20080912,0.9820
20080916,0.9700
20080917,0.9570
20080918,0.9410
20080919,1.0000
20080922,1.0320
20080923,0.9960
20080924,1.0010
20080925,1.0270
20080926,1.0430
20081006,1.0110
20081007,0.9950
20081008,0.9710
20081009,0.9520
20081010,0.9100
20081013,0.9250
20081014,0.9060
20081015,0.8920
20081016,0.8640
20081017,0.8670
20081020,0.8860
20081021,0.8860
20081022,0.8790
20081023,0.8880
20081024,0.8730
20081027,0.8390
20081028,0.8560
20081029,0.8430
20081030,0.8530
20081031,0.8460
20081103,0.8400
20081104,0.8280
20081105,0.8430
20081106,0.8280
20081107,0.8270
20081110,0.8590
20081111,0.8550
20081112,0.8570
20081113,0.8790
20081114,0.9030
20081117,0.9200
20081118,0.8930
20081119,0.9200
20081120,0.9160
20081121,0.9150
20081124,0.9010
20081125,0.9030
20081126,0.9040
20081127,0.9160
20081128,0.9180
20081201,0.9270
20081202,0.9300
20081203,0.9480
20081204,0.9560
20081205,0.9630
20081208,0.9810
20081209,0.9680
20081210,0.9790
20081211,0.9660
20081212,0.9440
20081215,0.9510
20081216,0.9650
20081217,0.9720
20081218,0.9820
20081219,0.9890
20081222,0.9810
20081223,0.9520
20081224,0.9440
20081225,0.9400
20081226,0.9370
20081229,0.9460
20081230,0.9460
20081231,0.9430
20090105,0.9690
20090106,0.9840
20090107,0.9820
20090108,0.9650
20090109,0.9800
20090112,0.9840
20090113,0.9620
20090114,0.9930
20090115,0.9950
20090116,1.0040
20090119,1.0050
20090120,1.0060
20090121,1.0000
20090122,1.0070
20090123,1.0090
20090202,1.0270
20090203,1.0450
20090204,1.0550
20090205,1.0450
20090206,1.0700
20090209,1.0880
20090210,1.0950
20090211,1.0980
20090212,1.1090
20090213,1.1330
20090216,1.1360
20090217,1.1020
20090218,1.0740
20090219,1.0920
20090220,1.1080
20090223,1.1350
20090224,1.0980
20090225,1.0890
20090226,1.0390
20090227,1.0190
20090302,1.0400
20090303,1.0450
20090304,1.0940
20090305,1.0920
20090306,1.0920
20090309,1.0570
20090310,1.0700
20090311,1.0600
20090312,1.0570
20090313,1.0560
20090316,1.0700
20090317,1.1040
20090318,1.1140
20090319,1.1270
20090320,1.1160
20090323,1.1380
20090324,1.1450
20090325,1.1240
20090326,1.1420
20090327,1.1490
20090330,1.1450
20090331,1.1590
20090401,1.1740
20090402,1.1840
20090403,1.1850
20090407,1.1810
20090408,1.1460
20090409,1.1620
20090410,1.1970
20090413,1.2150
20090414,1.2360
20090415,1.2360
20090416,1.2290
20090417,1.2190
20090420,1.2420
20090421,1.2280
20090422,1.1890
20090423,1.2000
20090424,1.1980
20090427,1.1660
20090428,1.1700
20090429,1.2100
20090430,1.2380
20090504,1.2740
20090505,1.2800
20090506,1.2980
20090507,1.2920
20090508,1.2960
20090511,1.2640
20090512,1.2900
20090513,1.2930
20090514,1.2900
20090515,1.2950
20090518,1.2940
20090519,1.3040
20090520,1.3010
20090521,1.2770
20090522,1.2750
20090525,1.2820
20090526,1.2720
20090527,1.2830
20090601,1.3120
20090602,1.3120
20090603,1.3440
20090604,1.3430
20090605,1.3330
20090608,1.3330
20090609,1.3330
20090610,1.3410
20090611,1.3330
20090612,1.3110
20090615,1.3350
20090616,1.3330
20090617,1.3570
20090618,1.3720
20090619,1.3780
20090622,1.3770
20090623,1.3760
20090624,1.3860
20090625,1.3880
20090626,1.3990
20090629,1.4200
20090630,1.4190
20090701,1.4580
20090702,1.4720
20090703,1.5050
20090706,1.5040
20090707,1.4800
20090708,1.4960
20090709,1.5100
20090710,1.5130
20090713,1.4950
20090714,1.5290
20090715,1.5420
20090716,1.5480
20090717,1.5560
20090720,1.5730
20090721,1.5510
20090722,1.5670
20090723,1.5870
20090724,1.5910
20090727,1.6110
20090728,1.6060
20090729,1.5430
20090730,1.5640
20090731,1.6020
20090803,1.6140
20090804,1.6160
20090805,1.6000
20090806,1.5760
20090807,1.5260
20090810,1.5260
20090811,1.5290
20090812,1.4800
20090813,1.4990
20090814,1.4750
20090817,1.3900
20090818,1.4040
20090819,1.3410
20090820,1.3870
20090821,1.4090
20090824,1.4240
20090825,1.3830
20090826,1.4080
20090827,1.3970
20090828,1.3550
20090831,1.2720
20090901,1.2750
20090902,1.2930
20090903,1.3490
20090904,1.3630
20090907,1.3680
20090908,1.3970
20090909,1.4070
20090910,1.3970
20090911,1.4240
20090914,1.4440
20090915,1.4450
20090916,1.4270
20090917,1.4440
20090918,1.4090
20090921,1.4210
20090922,1.4000
20090923,1.3700
20090924,1.3780
20090925,1.3690
20090928,1.3430
20090929,1.3510
20090930,1.3600
20091009,1.4090
20091012,1.4130
20091013,1.4320
20091014,1.4410
20091015,1.4450
20091016,1.4440
20091019,1.4780
20091020,1.4940
20091021,1.4880
20091022,1.4830
20091023,1.5030
20091026,1.5050
20091027,1.4730
20091028,1.4800
20091029,1.4560
20091030,1.4690
20091102,1.5140
20091103,1.5290
20091104,1.5290
20091105,1.5350
20091106,1.5460
20091109,1.5470
20091110,1.5520
20091111,1.5510
20091112,1.5530
20091113,1.5600
20091116,1.5940
20091117,1.5960
20091118,1.5930
20091119,1.5960
20091120,1.5960
20091123,1.6100
20091124,1.5660
20091125,1.5980
20091126,1.5560
20091127,1.5250
20091130,1.5760
20091201,1.5960
20091202,1.6130
20091203,1.6100
20091204,1.5960
20091207,1.6070
20091208,1.6040
20091209,1.5830
20091210,1.5910
20091211,1.5920
20091214,1.5890
20091215,1.5820
20091216,1.5790
20091217,1.5440
20091218,1.5060
20091221,1.5120
20091222,1.4870
20091223,1.5040
20091224,1.5430
20091225,1.4450
20091228,1.4590
20091229,1.4650
20091230,1.4700
20091231,1.4760
20100104,1.4690
20100105,1.4760
20100106,1.4700
20100107,1.4430
20100108,1.4470
20100111,1.4510
20100112,1.4740
20100113,1.4540
20100114,1.4750
20100115,1.4790
20100118,1.4970
20100119,1.4960
20100120,1.4510
20100121,1.4540
20100122,1.4330
20100125,1.4160
20100126,1.3850
20100127,1.3770
20100128,1.3900
20100129,1.3960
20100201,1.3840
20100202,1.3780
20100203,1.3880
20100204,1.3890
20100205,1.3700
20100208,1.3680
20100209,1.3710
20100210,1.3870
20100211,1.3850
20100212,1.3920
20100222,1.3880
20100223,1.3850
20100224,1.4070
20100225,1.4240
20100226,1.4250
20100301,1.4340
20100302,1.4290
20100303,1.4370
20100304,1.4100
20100305,1.4100
20100308,1.4180
20100309,1.4210
20100310,1.4080
20100311,1.4040
20100312,1.3880
20100315,1.3750
20100316,1.3840
20100317,1.4090
20100318,1.4080
20100319,1.4160
20100322,1.4200
20100323,1.4140
20100324,1.4170
20100325,1.4060
20100326,1.4190
20100329,1.4420
20100330,1.4470
20100331,1.4450
20100401,1.4610
20100402,1.4670
20100406,1.4700
20100407,1.4670
20100408,1.4640
20100409,1.4760
20100412,1.4750
20100413,1.4770
20100414,1.4840
20100415,1.4760
20100416,1.4680
20100419,1.4140
20100420,1.4260
20100421,1.4550
20100422,1.4510
20100423,1.4400
20100426,1.4410
20100427,1.4160
20100428,1.4110
20100429,1.3920
20100430,1.3870
20100504,1.3840
20100505,1.3990
20100506,1.3630
20100507,1.3460
20100510,1.3340
20100511,1.3170
20100512,1.3120
20100513,1.3340
20100514,1.3310
20100517,1.2910
20100518,1.3050
20100519,1.3090
20100520,1.2950
20100521,1.3100
20100524,1.3410
20100525,1.3250
20100526,1.3210
20100527,1.3330
20100528,1.3340
20100531,1.3130
20100601,1.3090
20100602,1.3110
20100603,1.3080
20100604,1.3060
20100607,1.2990
20100608,1.3010
20100609,1.3190
20100610,1.3180
20100611,1.3190
20100617,1.3150
20100618,1.3000
20100621,1.3200
20100622,1.3220
20100623,1.3180
20100624,1.3200
20100625,1.3160
20100628,1.3080
20100629,1.2760
20100630,1.2710
20100701,1.2590
20100702,1.2540
20100705,1.2540
20100706,1.2680
20100707,1.2750
20100708,1.2750
20100709,1.2940
20100712,1.3000
20100713,1.2910
20100714,1.2980
20100715,1.2830
20100716,1.2860
20100719,1.3050
20100720,1.3210
20100721,1.3230
20100722,1.3330
20100723,1.3370
20100726,1.3460
20100727,1.3450
20100728,1.3650
20100729,1.3670
20100730,1.3640
20100802,1.3760
20100803,1.3620
20100804,1.3690
20100805,1.3710
20100806,1.3840
20100809,1.3890
20100810,1.3670
20100811,1.3730
20100812,1.3650
20100813,1.3770
20100816,1.3930
20100817,1.3980
20100818,1.3950
20100819,1.3950
20100820,1.3800
20100823,1.3820
20100824,1.3880
20100825,1.3780
20100826,1.3800
20100827,1.3860
20100830,1.4050
20100831,1.4110
20100901,1.4050
20100902,1.4200
20100903,1.4210
20100906,1.4280
20100907,1.1130
20100908,1.1130
20100909,1.1030
20100910,1.1100
20100913,1.1200
20100914,1.1230
20100915,1.1110
20100916,1.0950
20100917,1.1030
20100920,1.1010
20100921,1.0990
20100927,1.1160
20100928,1.1150
20100929,1.1030
20100930,1.1150
20101008,1.1390
20101011,1.1440
20101012,1.1450
20101013,1.1530
20101014,1.1270
20101015,1.1280
20101018,1.1140
20101019,1.1400
20101020,1.1510
20101021,1.1460
20101022,1.1540
20101025,1.1760
20101026,1.1690
20101027,1.1570
20101028,1.1610
20101029,1.1660
20101101,1.1900
20101102,1.1790
20101103,1.1660
20101104,1.1830
20101105,1.1970
20101108,1.2090
20101109,1.2150
20101110,1.2110
20101111,1.2080
20101112,1.1540
20101115,1.1680
20101116,1.1570
20101117,1.1280
20101118,1.1350
20101119,1.1560
20101122,1.1660
20101123,1.1510
20101124,1.1720
20101125,1.1830
20101126,1.1780
20101129,1.1850
20101130,1.1740
20101201,1.1730
20101202,1.1730
20101203,1.1700
20101206,1.1570
20101207,1.1730
20101208,1.1730
20101209,1.1570
20101210,1.1690
20101213,1.2030
20101214,1.2140
20101215,1.2090
20101216,1.2080
20101217,1.2160
20101220,1.2110
20101221,1.2160
20101222,1.2120
20101223,1.1910
20101224,1.1740
20101227,1.1550
20101228,1.1430
20101229,1.1570
20101230,1.1680
20101231,1.1860
20110104,1.2060
20110105,1.2090
20110106,1.2020
20110107,1.1940
20110110,1.1740
20110111,1.1630
20110112,1.1620
20110113,1.1670
20110114,1.1530
20110117,1.1190
20110118,1.1220
20110119,1.1470
20110120,1.1200
20110121,1.1250
20110124,1.1140
20110125,1.1060
20110126,1.1270
20110127,1.1500
20110128,1.1540
20110131,1.1680
20110201,1.1650
20110209,1.1620
20110210,1.1780
20110211,1.1820
20110214,1.2040
20110215,1.2050
20110216,1.2250
20110217,1.2330
20110218,1.2170
20110221,1.2390
20110222,1.2120
20110223,1.2190
20110224,1.2240
20110225,1.2230
20110228,1.2380
20110301,1.2410
20110302,1.2310
20110303,1.2150
20110304,1.2280
20110307,1.2420
20110308,1.2370
20110309,1.2410
20110310,1.2270
20110311,1.2190
20110314,1.2290
20110315,1.2190
20110316,1.2280
20110317,1.2080
20110318,1.2110
20110321,1.2070
20110322,1.2080
20110323,1.2180
20110324,1.2160
20110325,1.2250
20110328,1.2190
20110329,1.2070
20110330,1.1950
20110331,1.1880
20110401,1.1990
20110406,1.1980
20110407,1.2020
20110408,1.2110
20110411,1.1970
20110412,1.1970
20110413,1.2090
20110414,1.2070
20110415,1.2110
20110418,1.2080
20110419,1.1910
20110420,1.1920
20110421,1.1960
20110422,1.1930
20110425,1.1810
20110426,1.1750
20110427,1.1680
20110428,1.1460
20110429,1.1600
20110503,1.1750
20110504,1.1580
20110505,1.1580
20110506,1.1610
20110509,1.1640
20110510,1.1690
20110511,1.1720
20110512,1.1620
20110513,1.1660
20110516,1.1640
20110517,1.1600
20110518,1.1660
20110519,1.1590
20110520,1.1560
20110523,1.1280
20110524,1.1270
20110525,1.1170
20110526,1.1080
20110527,1.0950
20110530,1.0890
20110531,1.1010
20110601,1.1090
20110602,1.0970
20110603,1.1070
20110607,1.1120
20110608,1.1150
20110609,1.0970
20110610,1.1010
20110613,1.0970
20110614,1.1070
20110615,1.0980
20110616,1.0810
20110617,1.0730
20110620,1.0660
20110621,1.0760
20110622,1.0740
20110623,1.0860
20110624,1.1060
20110627,1.1150
20110628,1.1170
20110629,1.1060
20110630,1.1210
20110701,1.1230
20110704,1.1400
20110705,1.1440
20110706,1.1450
20110707,1.1440
20110708,1.1440
20110711,1.1460
20110712,1.1330
20110713,1.1440
20110714,1.1450
20110715,1.1510
20110718,1.1550
20110719,1.1460
20110720,1.1450
20110721,1.1340
20110722,1.1370
20110725,1.1130
20110726,1.1180
20110727,1.1290
20110728,1.1260
20110729,1.1150
20110801,1.1160
20110802,1.1080
20110803,1.1100
20110804,1.1120
20110805,1.1000
20110808,1.0740
20110809,1.0770
20110810,1.0870
20110811,1.0980
20110812,1.1020
20110815,1.1120
20110816,1.1090
20110817,1.1040
20110818,1.0900
20110819,1.0810
20110822,1.0720
20110823,1.0830
20110824,1.0830
20110825,1.1000
20110826,1.0980
20110829,1.0870
20110830,1.0830
20110831,1.0800
20110901,1.0750
20110902,1.0690
20110905,1.0540
20110906,1.0490
20110907,1.0630
20110908,1.0570
20110909,1.0550
20110913,1.0450
20110914,1.0510
20110915,1.0510
20110916,1.0530
20110919,1.0410
20110920,1.0440
20110921,1.0610
20110922,1.0430
20110923,1.0380
20110926,1.0260
20110927,1.0290
20110928,1.0220
20110929,1.0060
20110930,1.0030
20111010,0.9970
20111011,0.9940
20111012,1.0140
20111013,1.0200
20111014,1.0150
20111017,1.0170
20111018,0.9990
20111019,0.9950
20111020,0.9720
20111021,0.9660
20111024,0.9790
20111025,0.9980
20111026,1.0080
20111027,1.0110
20111028,1.0260
20111031,1.0290
20111101,1.0310
20111102,1.0440
20111103,1.0480
20111104,1.0550
20111107,1.0490
20111108,1.0440
20111109,1.0560
20111110,1.0450
20111111,1.0440
20111114,1.0630
20111115,1.0670
20111116,1.0420
20111117,1.0400
20111118,1.0180
20111121,1.0180
20111122,1.0190
20111123,1.0150
20111124,1.0150
20111125,1.0080
20111128,1.0100
20111129,1.0230
20111130,0.9940
20111201,1.0120
20111202,0.9970
20111205,0.9740
20111206,0.9730
20111207,0.9740
20111208,0.9740
20111209,0.9660
20111212,0.9560
20111213,0.9320
20111214,0.9230
20111215,0.9040
20111216,0.9230
20111219,0.9260
20111220,0.9230
20111221,0.9060
20111222,0.9000
20111223,0.9090
20111226,0.9020
20111227,0.8860
20111228,0.8810
20111229,0.8830
20111230,0.8960
20111231,0.8960
20120104,0.8800
20120105,0.8570
20120106,0.8580
20120109,0.8800
20120110,0.9050
20120111,0.9050
20120112,0.9020
20120113,0.8800
20120116,0.8580
20120117,0.8910
20120118,0.8780
20120119,0.8870
20120120,0.8990
20120130,0.8920
20120131,0.8910
20120201,0.8840
20120202,0.8980
20120203,0.9050
20120206,0.9050
20120207,0.8960
20120208,0.9110
20120209,0.9120
20120210,0.9150
20120213,0.9190
20120214,0.9190
20120215,0.9280
20120216,0.9250
20120217,0.9250
20120220,0.9260
20120221,0.9330
20120222,0.9460
20120223,0.9470
20120224,0.9560
20120227,0.9570
20120228,0.9560
20120229,0.9460
20120301,0.9480
20120302,0.9610
20120305,0.9570
20120306,0.9500
20120307,0.9490
20120308,0.9570
20120309,0.9660
20120312,0.9680
20120313,0.9770
20120314,0.9530
20120315,0.9490
20120316,0.9630
20120319,0.9650
20120320,0.9490
20120321,0.9460
20120322,0.9430
20120323,0.9340
20120326,0.9350
20120327,0.9320
20120328,0.9100
20120329,0.9020
20120330,0.9040
20120405,0.9220
20120406,0.9270
20120409,0.9180
20120410,0.9240
20120411,0.9260
20120412,0.9400
20120413,0.9430
20120416,0.9440
20120417,0.9330
20120418,0.9490
20120419,0.9490
20120420,0.9550
20120423,0.9480
20120424,0.9450
20120425,0.9490
20120426,0.9490
20120427,0.9450
20120502,0.9570
20120503,0.9610
20120504,0.9660
20120507,0.9710
20120508,0.9700
20120509,0.9610
20120510,0.9590
20120511,0.9550
20120514,0.9540
20120515,0.9590
20120516,0.9480
20120517,0.9580
20120518,0.9470
20120521,0.9490
20120522,0.9610
20120523,0.9620
20120524,0.9560
20120525,0.9480
20120528,0.9590
20120529,0.9700
20120530,0.9690
20120531,0.9690
20120601,0.9690
20120604,0.9510
20120605,0.9510
20120606,0.9490
20120607,0.9470
20120608,0.9450
20120611,0.9610
20120612,0.9640
20120613,0.9790
20120614,0.9740
20120615,0.9680
20120618,0.9720
20120619,0.9630
20120620,0.9600
20120621,0.9520
20120625,0.9350
20120626,0.9380
20120627,0.9390
20120628,0.9340
20120629,0.9430
20120630,0.9430
20120702,0.9480
20120703,0.9470
20120704,0.9420
20120705,0.9340
20120706,0.9500
20120709,0.9390
20120710,0.9320
20120711,0.9370
20120712,0.9470
20120713,0.9480
20120716,0.9260
20120717,0.9290
20120718,0.9290
20120719,0.9350
20120720,0.9270
20120723,0.9200
20120724,0.9240
20120725,0.9200
20120726,0.9140
20120727,0.9110
20120730,0.9050
20120731,0.9060
20120801,0.9150
20120802,0.9080
20120803,0.9120
20120806,0.9220
20120807,0.9210
20120808,0.9210
20120809,0.9300
20120810,0.9270
20120813,0.9140
20120814,0.9170
20120815,0.9140
20120816,0.9110
20120817,0.9070
20120820,0.9070
20120821,0.9140
20120822,0.9090
20120823,0.9100
20120824,0.9040
20120827,0.8930
20120828,0.8930
20120829,0.8890
20120830,0.8830
20120831,0.8850
20120903,0.8980
20120904,0.8940
20120905,0.8960
20120906,0.9000
20120907,0.9230
20120910,0.9270
20120911,0.9220
20120912,0.9250
20120913,0.9190
20120914,0.9170
20120917,0.9010
20120918,0.9000
20120919,0.9040
20120920,0.8910
20120921,0.8890
20120924,0.8950
20120925,0.8930
20120926,0.8840
20120927,0.9000
20120928,0.9100
20121008,0.9060
20121009,0.9220
20121010,0.9240
20121011,0.9160
20121012,0.9140
20121015,0.9130
20121016,0.9150
20121017,0.9140
20121018,0.9270
20121019,0.9260
20121022,0.9280
20121023,0.9190
20121024,0.9170
20121025,0.9080
20121026,0.9000
20121029,0.8990
20121030,0.9020
20121031,0.9080
20121101,0.9180
20121102,0.9200
20121105,0.9160
20121106,0.9140
20121107,0.9110
20121108,0.9000
20121109,0.8970
20121112,0.8980
20121113,0.8890
20121114,0.8900
20121115,0.8850
20121116,0.8810
20121119,0.8810
20121120,0.8780
20121121,0.8840
20121122,0.8790
20121123,0.8820
20121126,0.8750
20121127,0.8650
20121128,0.8590
20121129,0.8550
20121130,0.8610
20121203,0.8550
20121204,0.8620
20121205,0.8820
20121206,0.8790
20121207,0.8880
20121210,0.8960
20121211,0.8940
20121212,0.8940
20121213,0.8890
20121214,0.9140
20121217,0.9120
20121218,0.9100
20121219,0.9130
20121220,0.9190
20121221,0.9200
20121224,0.9240
20121225,0.9380
20121226,0.9440
20121227,0.9410
20121228,0.9490
20121231,0.9610
20130104,0.9580
20130107,0.9640
20130108,0.9660
20130109,0.9680
20130110,0.9690
20130111,0.9580
20130114,0.9850
20130115,0.9930
20130116,0.9880
20130117,0.9830
20130118,0.9970
20130121,1.0020
20130122,0.9940
20130123,0.9970
20130124,0.9880
20130125,0.9890
20130128,1.0110
20130129,1.0160
20130130,1.0170
20130131,1.0130
20130201,1.0250
20130204,1.0200
20130205,1.0270
20130206,1.0310
20130207,1.0350
20130208,1.0450
20130218,1.0390
20130219,1.0230
20130220,1.0360
20130221,1.0190
20130222,1.0150
20130225,1.0210
20130226,1.0130
20130227,1.0140
20130228,1.0320
20130301,1.0380
20130304,1.0110
20130305,1.0300
20130306,1.0400
20130307,1.0310
20130308,1.0240
20130311,1.0250
20130312,1.0130
20130313,1.0060
20130314,1.0110
20130315,1.0150
20130318,1.0120
20130319,1.0130
20130320,1.0340
20130321,1.0410
20130322,1.0410
20130325,1.0400
20130326,1.0400
20130327,1.0410
20130328,1.0250
20130329,1.0240
20130401,1.0270
20130402,1.0160
20130403,1.0090
20130408,1.0140
20130409,1.0170
20130410,1.0120
20130411,1.0100
20130412,1.0070
20130415,1.0010
20130416,1.0090
20130417,1.0160
20130418,1.0170
20130419,1.0320
20130422,1.0360
20130423,1.0170
20130424,1.0340
20130425,1.0250
20130426,1.0160
20130502,1.0240
20130503,1.0350
20130506,1.0440
20130507,1.0440
20130508,1.0520
20130509,1.0500
20130510,1.0540
20130513,1.0540
20130514,1.0440
20130515,1.0540
20130516,1.0660
20130517,1.0790
20130520,1.0870
20130521,1.0910
20130522,1.0840
20130523,1.0810
20130524,1.0880
20130527,1.0950
20130528,1.1000
20130529,1.1030
20130530,1.1040
20130531,1.0990
20130603,1.0920
20130604,1.0750
20130605,1.0790
20130606,1.0700
20130607,1.0590
20130613,1.0450
20130614,1.0600
20130617,1.0600
20130618,1.0640
20130619,1.0600
20130620,1.0350
20130621,1.0340
20130624,0.9940
20130625,1.0000
20130626,1.0170
20130627,1.0080
20130628,1.0120
20130630,1.0120
20130701,1.0290
20130702,1.0420
20130703,1.0420
20130704,1.0420
20130705,1.0380
20130708,1.0160
20130709,1.0140
20130710,1.0330
20130711,1.0550
20130712,1.0520
20130715,1.0730
20130716,1.0780
20130717,1.0650
20130718,1.0630
20130719,1.0490
20130722,1.0630
20130723,1.0860
20130724,1.0920
20130725,1.0750
20130726,1.0720
20130729,1.0570
20130730,1.0540
20130731,1.0540
20130801,1.0800
20130802,1.0810
20130805,1.0940
20130806,1.0990
20130807,1.0910
20130808,1.0930
20130809,1.0940
20130812,1.1010
20130813,1.1000
20130814,1.0960
20130815,1.0840
20130816,1.0730
20130819,1.0850
20130820,1.0820
20130821,1.0810
20130822,1.0840
20130823,1.0830
20130826,1.0980
20130827,1.1000
20130828,1.0860
20130829,1.0860
20130830,1.0750
20130902,1.0860
20130903,1.1000
20130904,1.0970
20130905,1.1000
20130906,1.1040
20130909,1.1120
20130910,1.1120
20130911,1.1060
20130912,1.1070
20130913,1.1130
20130916,1.1160
20130917,1.1090
20130918,1.1140
20130923,1.1310
20130924,1.1320
20130925,1.1270
20130926,1.1210
20130927,1.1250
20130930,1.1310
20131008,1.1430
20131009,1.1530
20131010,1.1520
20131011,1.1640
20131014,1.1690
20131015,1.1670
20131016,1.1480
20131017,1.1450
20131018,1.1520
20131021,1.1760
20131022,1.1690
20131023,1.1470
20131024,1.1410
20131025,1.1210
20131028,1.1200
20131029,1.1080
20131030,1.1230
20131031,1.1040
20131101,1.1010
20131104,1.1040
20131105,1.1110
20131106,1.0990
20131107,1.0850
20131108,1.0770
20131111,1.0850
20131112,1.0890
20131113,1.0730
20131114,1.0870
20131115,1.1020
20131118,1.1180
20131119,1.1130
20131120,1.1160
20131121,1.1100
20131122,1.1050
20131125,1.1060
20131126,1.1090
20131127,1.1170
20131128,1.1260
20131129,1.1310
20131202,1.0990
20131203,1.1140
20131204,1.1240
20131205,1.1200
20131206,1.1170
20131209,1.1240
20131210,1.1230
20131211,1.1190
20131212,1.1230
20131213,1.1260
20131216,1.1140
20131217,1.1050
20131218,1.1050
20131219,1.0960
20131220,1.0890
20131223,1.0910
20131224,1.0980
20131225,1.1060
20131226,1.0940
20131227,1.1070
20131230,1.1090
20131231,1.1120
20140102,1.1150
20140103,1.1120
20140106,1.0930
20140107,1.0980
20140108,1.1050
20140109,1.0910
20140110,1.0820
20140113,1.0790
20140114,1.0920
20140115,1.0970
20140116,1.0940
20140117,1.0850
20140120,1.0750
20140121,1.0830
20140122,1.0990
20140123,1.1080
20140124,1.1150
20140127,1.1090
20140128,1.1060
20140129,1.1140
20140130,1.1120
20140207,1.1230
20140210,1.1440
20140211,1.1380
20140212,1.1420
20140213,1.1280
20140214,1.1410
20140217,1.1540
20140218,1.1490
20140219,1.1480
20140220,1.1420
20140221,1.1400
20140224,1.1360
20140225,1.1100
20140226,1.1070
20140227,1.1000
20140228,1.1100
20140303,1.1200
20140304,1.1100
20140305,1.1060
20140306,1.1020
20140307,1.1040
20140310,1.0900
20140311,1.0880
20140312,1.0860
20140313,1.0960
20140314,1.0910
20140317,1.1010
20140318,1.1000
20140319,1.0880
20140320,1.0680
20140321,1.0800
20140324,1.0800
20140325,1.0810
20140326,1.0840
20140327,1.0720
20140328,1.0580
20140331,1.0570
20140401,1.0670
20140402,1.0630
20140403,1.0590
20140404,1.0680
20140408,1.0820
20140409,1.0880
20140410,1.0930
20140411,1.0920
20140414,1.0970
20140415,1.0870
20140416,1.0870
20140417,1.0850
20140418,1.0860
20140421,1.0780
20140422,1.0710
20140423,1.0670
20140424,1.0650
20140425,1.0500
20140428,1.0310
20140429,1.0440
20140430,1.0530
20140505,1.0600
20140506,1.0640
20140507,1.0510
20140508,1.0500
20140509,1.0430
20140512,1.0570
20140513,1.0580
20140514,1.0570
20140515,1.0450
20140516,1.0420
20140519,1.0360
20140520,1.0400
20140521,1.0480
20140522,1.0470
20140523,1.0540
20140526,1.0600
20140527,1.0570
20140528,1.0680
20140529,1.0610
20140530,1.0610
20140603,1.0570
20140604,1.0550
20140605,1.0680
20140606,1.0640
20140609,1.0580
20140610,1.0690
20140611,1.0760
20140612,1.0750
20140613,1.0820
20140616,1.0900
20140617,1.0810
20140618,1.0760
20140619,1.0520
20140620,1.0600
20140623,1.0640
20140624,1.0680
20140625,1.0640
20140626,1.0750
20140627,1.0760
20140630,1.0800
20140701,1.0820
20140702,1.0820
20140703,1.0860
20140704,1.0860
20140707,1.0820
20140708,1.0870
20140709,1.0770
20140710,1.0740
20140711,1.0760
20140714,1.0830
20140715,1.0820
20140716,1.0750
20140717,1.0710
20140718,1.0720
20140721,1.0710
20140722,1.0780
20140723,1.0710
20140724,1.0740
20140725,1.0800
20140728,1.0920
20140729,1.0950
20140730,1.0970
20140731,1.1020
20140801,1.0960
20140804,1.1060
20140805,1.1080
20140806,1.1070
20140807,1.1030
20140808,1.1090
20140811,1.1160
20140812,1.1180
20140813,1.1200
20140814,1.1150
20140815,1.1240
20140818,1.1330
20140819,1.1390
20140820,1.1370
20140821,1.1390
20140822,1.1400
20140825,1.1340
20140826,1.1210
20140827,1.1230
20140828,1.1200
20140829,1.1280
20140901,1.1450
20140902,1.1540
20140903,1.1650
20140904,1.1720
20140905,1.1750
20140909,1.1820
20140910,1.1810
20140911,1.1790
20140912,1.1890
20140915,1.1990
20140916,1.1750
20140917,1.1790
20140918,1.1890
20140919,1.2010
20140922,1.1900
20140923,1.1980
20140924,1.2100
20140925,1.2090
20140926,1.2140
20140929,1.2240
20140930,1.2270
20141008,1.2400
20141009,1.2400
20141010,1.2340
20141013,1.2280
20141014,1.2280
20141015,1.2370
20141016,1.2280
20141017,1.2190
20141020,1.2310
20141021,1.2250
20141022,1.2160
20141023,1.1960
20141024,1.2010
20141027,1.2080
20141028,1.2280
20141029,1.2410
20141030,1.2410
20141031,1.2390
20141103,1.2440
20141104,1.2320
20141105,1.2300
20141106,1.2400
20141107,1.2320
20141110,1.2390
20141111,1.2130
20141112,1.2260
20141113,1.2140
20141114,1.2160
20141117,1.2280
20141118,1.2250
20141119,1.2350
20141120,1.1330
20141121,1.1440
20141124,1.1500
20141125,1.1650
20141126,1.1690
20141127,1.1730
20141128,1.1740
20141201,1.1690
20141202,1.1770
20141203,1.1840
20141204,1.2040
20141205,1.1790
20141208,1.1770
20141209,1.1370
20141210,1.1650
20141211,1.1750
20141212,1.1840
20141215,1.2030
20141216,1.2040
20141217,1.1990
20141218,1.1970
20141219,1.1950
20141222,1.1710
20141223,1.1490
20141224,1.1550
20141225,1.1700
20141226,1.1790
20141229,1.1750
20141230,1.1630
20141231,1.1780
20150105,1.1990
20150106,1.2060
20150107,1.2030
20150108,1.1910
20150109,1.1870
20150112,1.1790
20150113,1.1910
20150114,1.1810
20150115,1.1940
20150116,1.2100
20150119,1.1770
20150120,1.2060
20150121,1.2310
20150122,1.2350
20150123,1.2250
20150126,1.2480
20150127,1.2560
20150128,1.2440
20150129,1.2420
20150130,1.2300
20150202,1.2230
20150203,1.2420
20150204,1.2370
20150205,1.2310
20150206,1.2150
20150209,1.2130
20150210,1.2220
20150211,1.2400
20150212,1.2480
20150213,1.2590
20150216,1.2730
20150217,1.2800
20150225,1.2770
20150226,1.2850
20150227,1.2960
20150302,1.3180
20150303,1.3080
20150304,1.3230
20150305,1.3200
20150306,1.3020
20150309,1.3150
20150310,1.3270
20150311,1.3260
20150312,1.3270
20150313,1.3420
20150316,1.3780
20150317,1.3950
20150318,1.4170
20150319,1.4210
20150320,1.4450
20150323,1.4870
20150324,1.5020
20150325,1.5120
20150326,1.4990
20150327,1.5030
20150330,1.5050
20150331,1.5170
20150401,1.5470
20150402,1.5680
20150403,1.5880
20150407,1.6210
20150408,1.6130
20150409,1.5980
20150410,1.6350
20150413,1.6360
20150414,1.6290
20150415,1.5940
20150416,1.6150
20150417,1.6150
20150420,1.5730
20150421,1.6210
20150422,1.6660
20150423,1.6910
20150424,1.6940
20150427,1.6970
20150428,1.6520
20150429,1.6840
20150430,1.7010
20150504,1.7180
20150505,1.6750
20150506,1.6820
20150507,1.6660
20150508,1.7270
20150511,1.7830
20150512,1.8280
20150513,1.8300
20150514,1.8340
20150515,1.8260
20150518,1.8740
20150519,1.9020
20150520,1.9460
20150521,1.9930
20150522,1.9890
20150525,2.0090
20150526,2.0580
20150527,2.0650
20150528,1.9770
20150529,1.9950
20150601,2.0740
20150602,2.1540
20150603,2.1660
20150604,2.1420
20150605,2.1480
20150608,2.0980
20150609,2.0750
20150610,2.1150
20150611,2.1200
20150612,2.1570
20150615,2.1100
20150616,2.0280
20150617,2.0750
20150618,2.0190
20150619,1.9220
20150623,1.9260
20150624,1.9410
20150625,1.8680
20150626,1.7520
20150629,1.6590
20150630,1.7110
20150701,1.6320
20150702,1.5450
20150703,1.4770
20150706,1.4430
20150707,1.3840
20150708,1.3580
20150709,1.3970
20150710,1.4410
20150713,1.4970
20150714,1.5350
20150715,1.4850
20150716,1.4970
20150717,1.5510
20150720,1.5770
20150721,1.6020
20150722,1.6090
20150723,1.6480
20150724,1.6290
20150727,1.5450
20150728,1.5160
20150729,1.5510
20150730,1.5120
20150731,1.4980
20150803,1.4810
20150804,1.5200
20150805,1.5120
20150806,1.5060
20150807,1.5330
20150810,1.5800
20150811,1.5850
20150812,1.5680
20150813,1.5830
20150814,1.5830
20150817,1.5960
20150818,1.5240
20150819,1.5400
20150820,1.5010
20150821,1.4520
20150824,1.3770
20150825,1.3130
20150826,1.3020
20150827,1.3370
20150828,1.3740
20150831,1.3540
20150901,1.3270
20150902,1.3280
20150907,1.3190
20150908,1.3430
20150909,1.3620
20150910,1.3500
20150911,1.3550
20150914,1.3110
20150915,1.2820
20150916,1.3170
20150917,1.3100
20150918,1.3160
20150921,1.3380
20150922,1.3420
20150923,1.3350
20150924,1.3400
20150925,1.3220
20150928,1.3280
20150929,1.3230
20150930,1.3270
20151008,1.3430
20151009,1.3510
20151012,1.3720
20151013,1.3790
20151014,1.3670
20151015,1.3890
20151016,1.3990
20151019,1.3950
20151020,1.4110
20151021,1.3650
20151022,1.3890
20151023,1.4110
20151026,1.4180
20151027,1.4210
20151028,1.4070
20151029,1.4110
20151030,1.4120
20151102,1.3950
20151103,1.3900
20151104,1.4250
20151105,1.4250
20151106,1.4490
20151109,1.4530
20151110,1.4570
20151111,1.4720
20151112,1.4680
20151113,1.4420
20151116,1.4640
20151117,1.4540
20151118,1.4400
20151119,1.4730
20151120,1.3960
20151123,1.3770
20151124,1.3910
20151125,1.4160
20151126,1.4100
20151127,1.3450
20151130,1.3510
20151201,1.3410
20151202,1.3280
20151203,1.3540
20151204,1.3520
20151207,1.3620
20151208,1.3440
20151209,1.3440
20151210,1.3400
20151211,1.3330
20151214,1.3410
20151215,1.3550
20151216,1.3710
20151217,1.3940
20151218,1.3870
20151221,1.3920
20151222,1.4020
20151223,1.3840
20151224,1.3840
20151225,1.3980
20151228,1.3810
20151229,1.3870
20151230,1.3990
20151231,1.3820
20160104,1.3000
20160105,1.2800
20160106,1.3070
20160107,1.2250
20160108,1.2310
20160111,1.1670
20160112,1.1580
20160113,1.1260
20160114,1.1510
20160115,1.1280
20160118,1.1420
20160119,1.1750
20160120,1.1670
20160121,1.1360
20160122,1.1470
20160125,1.1540
20160126,1.0990
20160127,1.0850
20160128,1.0530
20160129,1.0760
20160201,1.0650
20160202,1.0860
20160203,1.0870
20160204,1.0980
20160205,1.0900
20160215,1.0900
20160216,1.1160
20160217,1.1230
20160218,1.1230
20160219,1.1270
20160222,1.1450
20160223,1.1410
20160224,1.1400
20160225,1.0770
20160226,1.0770
20160229,1.0410
20160301,1.0530
20160302,1.0830
20160303,1.0830
20160304,1.0740
20160307,1.0830
20160308,1.0830
20160309,1.0740
20160310,1.0640
20160311,1.0640
20160314,1.0800
20160315,1.0750
20160316,1.0720
20160317,1.0890
20160318,1.1050
20160321,1.1170
20160322,1.1160
20160323,1.1210
20160324,1.1120
20160325,1.1160
20160328,1.1130
20160329,1.1020
20160330,1.1220
20160331,1.1250
20160401,1.1220
20160405,1.1370
20160406,1.1400
20160407,1.1260
20160408,1.1170
20160411,1.1320
20160412,1.1280
20160413,1.1370
20160414,1.1460
20160415,1.1460
20160418,1.1320
20160419,1.1350
20160420,1.1010
20160421,1.0910
20160422,1.0960
20160425,1.0920
20160426,1.1010
20160427,1.0980
20160428,1.0970
20160429,1.0980
20160503,1.1210
20160504,1.1210
20160505,1.1240
20160506,1.0960
20160509,1.0700
20160510,1.0690
20160511,1.0690
20160512,1.0670
20160513,1.0640
20160516,1.0760
20160517,1.0720
20160518,1.0560
20160519,1.0590
20160520,1.0650
20160523,1.0750
20160524,1.0710
20160525,1.0660
20160526,1.0710
20160527,1.0700
20160530,1.0680
20160531,1.0920
20160601,1.0950
20160602,1.0980
20160603,1.1030
20160606,1.1040
20160607,1.1050
20160608,1.1000
20160613,1.0720
20160614,1.0740
20160615,1.0910
20160616,1.0870
20160617,1.0920
20160620,1.0940
20160621,1.0880
20160622,1.0950
20160623,1.0930
20160624,1.0880
20160627,1.1040
20160628,1.1140
20160629,1.1160
20160630,1.1140
20160701,1.1150
20160704,1.1250
20160705,1.1280
20160706,1.1360
20160707,1.1400
20160708,1.1370
20160711,1.1380
20160712,1.1450
20160713,1.1480
20160714,1.1480
20160715,1.1460
20160718,1.1420
20160719,1.1410
20160720,1.1390
20160721,1.1400
20160722,1.1320
20160725,1.1320
20160726,1.1420
20160727,1.1210
20160728,1.1260
20160729,1.1220
20160801,1.1130
20160802,1.1170
20160803,1.1190
20160804,1.1190
20160805,1.1180
20160808,1.1250
20160809,1.1290
20160810,1.1290
20160811,1.1220
20160812,1.1260
20160815,1.1370
20160816,1.1400
20160817,1.1410
20160818,1.1380
20160819,1.1400
20160822,1.1350
20160823,1.1370
20160824,1.1360
20160825,1.1330
20160826,1.1340
20160829,1.1360
20160830,1.1370
20160831,1.1360
20160901,1.1340
20160902,1.1310
20160905,1.1330
20160906,1.1400
20160907,1.1400
20160908,1.1400
20160909,1.1370
20160912,1.1230
20160913,1.1240
20160914,1.1210
20160919,1.1250
20160920,1.1270
20160921,1.1270
20160922,1.1320
20160923,1.1320
20160926,1.1190
20160927,1.1210
20160928,1.1200
20160929,1.1210
20160930,1.1240
20161010,1.1350
20161011,1.1400
20161012,1.1390
20161013,1.1430
20161014,1.1420
20161017,1.1350
20161018,1.1450
20161019,1.1430
20161020,1.1440
20161021,1.1450
20161024,1.1500
20161025,1.1510
20161026,1.1480
20161027,1.1440
20161028,1.1400
20161031,1.1410
20161101,1.1470
20161102,1.1460
20161103,1.1510
20161104,1.1440
20161107,1.1430
20161108,1.1450
20161109,1.1440
20161110,1.1490
20161111,1.1520
20161114,1.1520
20161115,1.1500
20161116,1.1510
20161117,1.1470
20161118,1.1460
20161121,1.1440
20161122,1.1500
20161123,1.1450
20161124,1.1400
20161125,1.1450
20161128,1.1410
20161129,1.1320
20161130,1.1260
20161201,1.1300
20161202,1.1160
20161205,1.1110
20161206,1.1110
20161207,1.1200
20161208,1.1130
20161209,1.1090
20161212,1.0720
20161213,1.0750
20161214,1.0690
20161215,1.0690
20161216,1.0730
20161219,1.0710
20161220,1.0670
20161221,1.0760
20161222,1.0760
20161223,1.0660
20161226,1.0410
20161227,1.0420
20161228,1.0380
20161229,1.0350
20161230,1.0380
20161231,1.0380
20170103,1.0450
20170104,1.0530
20170105,1.0530
20170106,1.0480
20170109,1.0520
20170110,1.0500
20170111,1.0400
20170112,1.0340
20170113,1.0280
20170116,1.0170
20170117,1.0220
20170118,1.0260
20170119,1.0240
20170120,1.0360
20170123,1.0400
20170124,1.0380
20170125,1.0400
20170126,1.0430
20170203,1.0400
20170206,1.0450
20170207,1.0440
20170208,1.0480
20170209,1.0540
20170210,1.0560
20170213,1.0650
20170214,1.0680
20170215,1.0590
20170216,1.0630
20170217,1.0580
20170220,1.0750
20170221,1.0790
20170222,1.0870
20170223,1.0810
20170224,1.0800
20170227,1.0740
20170228,1.0780
20170301,1.0840
20170302,1.0840
20170303,1.0850
20170306,1.0900
20170307,1.0930
20170308,1.0910
20170309,1.0830
20170310,1.0860
20170313,1.0950
20170314,1.1000
20170315,1.1040
20170316,1.1070
20170317,1.0980
20170320,1.1010
20170321,1.1160
20170322,1.1180
20170323,1.1190
20170324,1.1210
20170327,1.1100
20170328,1.1070
20170329,1.1070
20170330,1.1010
20170331,1.1070
20170405,1.1180
20170406,1.1220
20170407,1.1240
20170410,1.1170
20170411,1.1150
20170412,1.1090
20170413,1.1170
20170414,1.1070
20170417,1.1040
20170418,1.1090
20170419,1.1120
20170420,1.1230
20170421,1.1130
20170424,1.0930
20170425,1.1000
20170426,1.0980
20170427,1.1070
20170428,1.1040
20170502,1.1070
20170503,1.1070
20170504,1.1060
20170505,1.1000
20170508,1.0810
20170509,1.0860
20170510,1.0800
20170511,1.0860
20170512,1.0860
20170515,1.0920
20170516,1.1130
20170517,1.1090
20170518,1.1000
20170519,1.0980
20170522,1.0940
20170523,1.0900
20170524,1.0900
20170525,1.0840
20170526,1.0840
20170531,1.0850
20170601,1.0760
20170602,1.0770
20170605,1.0830
20170606,1.0900
20170607,1.1100
20170608,1.1170
20170609,1.1190
20170612,1.1200
20170613,1.1250
20170614,1.1160
20170615,1.1170
20170616,1.1160
20170619,1.1250
20170620,1.1260
20170621,1.1350
20170622,1.1270
20170623,1.1330
20170626,1.1480
20170627,1.1500
20170628,1.1410
20170629,1.1470
20170630,1.1500
20170703,1.1470
20170704,1.1400
20170705,1.1510
20170706,1.1480
20170707,1.1430
20170710,1.1320
20170711,1.1320
20170712,1.1260
20170713,1.1300
20170714,1.1240
20170717,1.0990
20170718,1.1000
20170719,1.1130
20170720,1.1200
20170721,1.1180
20170724,1.1240
20170725,1.1220
20170726,1.1160
20170727,1.1180
20170728,1.1310
20170731,1.1360
20170801,1.1430
20170802,1.1340
20170803,1.1240
20170804,1.1170
20170807,1.1330
20170808,1.1360
20170809,1.1420
20170810,1.1420
20170811,1.1280
20170814,1.1470
20170815,1.1550
20170816,1.1540
20170817,1.1540
20170818,1.1480
20170821,1.1510
20170822,1.1520
20170823,1.1450
20170824,1.1400
20170825,1.1520
20170828,1.1630
20170829,1.1610
20170830,1.1670
20170831,1.1690
20170901,1.1740
20170904,1.1780
20170905,1.1850
20170906,1.1860
20170907,1.1750
20170908,1.1770
20170911,1.1880
20170912,1.1880
20170913,1.1950
20170914,1.1880
20170915,1.1820
20170918,1.1880
20170919,1.1830
20170920,1.1870
20170921,1.1820
20170922,1.1790
20170925,1.1790
20170926,1.1810
20170927,1.1870
20170928,1.1900
20170929,1.1950
20171009,1.2010
20171010,1.2040
20171011,1.2030
20171012,1.2020
20171013,1.2120
20171016,1.2050
20171017,1.2070
20171018,1.2140
20171019,1.2100
20171020,1.2120
20171023,1.2210
20171024,1.2240
20171025,1.2290
20171026,1.2340
20171027,1.2380
20171030,1.2310
20171031,1.2380
20171101,1.2370
20171102,1.2360
20171103,1.2320
20171106,1.2490
20171107,1.2490
20171108,1.2430
20171109,1.2520
20171110,1.2670
20171113,1.2650
20171114,1.2530
20171115,1.2470
20171116,1.2660
20171117,1.2550
20171120,1.2610
20171121,1.2680
20171122,1.2490
20171123,1.2110
20171124,1.2080
20171127,1.1970
20171128,1.2020
20171129,1.1920
20171130,1.1810
20171201,1.1840
20171204,1.1970
20171205,1.1950
20171206,1.1920
20171207,1.1000
20171208,1.1110
20171211,1.1330
20171212,1.1220
20171213,1.1350
20171214,1.1320
20171215,1.1270
20171218,1.1250
20171219,1.1340
20171220,1.1390
20171221,1.1470
20171222,1.1400
20171225,1.1340
20171226,1.1350
20171227,1.1160
20171228,1.1260
20171229,1.1340
20171231,1.1340
20180102,1.1420
20180103,1.1510
20180104,1.1590
20180105,1.1590
20180108,1.1620
20180109,1.1670
20180110,1.1650
20180111,1.1630
20180112,1.1630
20180115,1.1530
20180116,1.1580
20180117,1.1440
20180118,1.1430
20180119,1.1390
20180122,1.1600
20180123,1.1650
20180124,1.1620
20180125,1.1580
20180126,1.1620
20180129,1.1440
20180130,1.1400
20180131,1.1460
20180201,1.1320
20180202,1.1410
20180205,1.1220
20180206,1.0970
20180207,1.0660
20180208,1.0760
20180209,1.0460
20180212,1.0790
20180213,1.0870
20180214,1.0940
20180222,1.1220
20180223,1.1230
20180226,1.1370
20180227,1.1270
20180228,1.1210
20180301,1.1310
20180302,1.1210
20180305,1.1170
20180306,1.1280
20180307,1.1230
20180308,1.1350
20180309,1.1450
20180312,1.1520
20180313,1.1390
20180314,1.1400
20180315,1.1530
20180316,1.1410
20180319,1.1460
20180320,1.1420
20180321,1.1340
20180322,1.1210
20180323,1.0920
20180326,1.1030
20180327,1.1110
20180328,1.0880
20180329,1.0980
20180330,1.1060
20180402,1.1000
20180403,1.1000
20180404,1.1050
20180409,1.1060
20180410,1.1170
20180411,1.1200
20180412,1.1100
20180413,1.1000
20180416,1.1030
20180417,1.0790
20180418,1.0870
20180419,1.0940
20180420,1.0820
20180423,1.0690
20180424,1.0960
20180425,1.1020
20180426,1.0800
20180427,1.0820
20180502,1.0850
20180503,1.0950
20180504,1.0940
20180507,1.1180
20180508,1.1240
20180509,1.1230
20180510,1.1290
20180511,1.1180
20180514,1.1250
20180515,1.1320
20180516,1.1280
20180517,1.1150
20180518,1.1210
20180521,1.1260
20180522,1.1260
20180523,1.1150
20180524,1.1060
20180525,1.1010
20180528,1.1140
20180529,1.1000
20180530,1.0880
20180531,1.1070
20180601,1.0950
20180604,1.1040
20180605,1.1190
20180606,1.1230
20180607,1.1190
20180608,1.1080
20180611,1.1070
20180612,1.1230
20180613,1.1140
20180614,1.1070
20180615,1.1010
20180619,1.0680
20180620,1.0790
20180621,1.0690
20180622,1.0740
20180625,1.0610
20180626,1.0570
20180627,1.0380
20180628,1.0220
20180629,1.0450
20180630,1.0450
20180702,1.0320
20180703,1.0230
20180704,1.0110
20180705,0.9950
20180706,1.0030
20180709,1.0270
20180710,1.0290
20180711,1.0170
20180712,1.0390
20180713,1.0460
20180716,1.0470
20180717,1.0420
20180718,1.0410
20180719,1.0380
20180720,1.0520
20180723,1.0510
20180724,1.0600
20180725,1.0620
20180726,1.0500
20180727,1.0460
20180730,1.0330
20180731,1.0350
20180801,1.0150
20180802,0.9990
20180803,0.9820
20180806,0.9670
20180807,0.9880
20180808,0.9670
20180809,0.9930
20180810,0.9970
20180813,0.9980
20180814,0.9960
20180815,0.9750
20180816,0.9700
20180817,0.9590
20180820,0.9710
20180821,0.9900
20180822,0.9840
20180823,0.9920
20180824,0.9880
20180827,1.0060
20180828,1.0020
20180829,0.9980
20180830,0.9870
20180831,0.9800
20180903,0.9790
20180904,0.9910
20180905,0.9780
20180906,0.9730
20180907,0.9740
20180910,0.9620
20180911,0.9610
20180912,0.9550
20180913,0.9610
20180914,0.9550
20180917,0.9440
20180918,0.9580
20180919,0.9710
20180920,0.9690
20180921,0.9870
20180925,0.9770
20180926,0.9880
20180927,0.9800
20180928,0.9840
20181008,0.9530
20181009,0.9510
20181010,0.9480
20181011,0.9120
20181012,0.9220
20181015,0.9100
20181016,0.8980
20181017,0.9030
20181018,0.8910
20181019,0.9120
20181022,0.9480
20181023,0.9300
20181024,0.9300
20181025,0.9290
20181026,0.9230
20181029,0.9040
20181030,0.9150
20181031,0.9260
20181101,0.9350
20181102,0.9610
20181105,0.9570
20181106,0.9600
20181107,0.9570
20181108,0.9490
20181109,0.9460
20181112,0.9640
20181113,0.9780
20181114,0.9710
20181115,0.9800
20181116,0.9870
20181119,0.9850
20181120,0.9650
20181121,0.9660
20181122,0.9620
20181123,0.9430
20181126,0.9360
20181127,0.9420
20181128,0.9510
20181129,0.9370
20181130,0.9400
20181203,0.9560
20181204,0.9550
20181205,0.9510
20181206,0.9390
20181207,0.9410
20181210,0.9340
20181211,0.9400
20181212,0.9410
20181213,0.9490
20181214,0.9340
20181217,0.9240
20181218,0.9210
20181219,0.9130
20181220,0.9140
20181221,0.9130
20181224,0.9180
20181225,0.9190
20181226,0.9170
20181227,0.9110
20181228,0.9180
20181231,0.9180
20190102,0.9080
20190103,0.9020
20190104,0.9210
20190107,0.9300
20190108,0.9310
20190109,0.9320
20190110,0.9300
20190111,0.9360
20190114,0.9290
20190115,0.9410
20190116,0.9470
20190117,0.9390
20190118,0.9410
20190121,0.9510
20190122,0.9350
20190123,0.9400
20190124,0.9430
20190125,0.9420
20190128,0.9400
20190129,0.9410
20190130,0.9330
20190131,0.9360
20190201,0.9520
20190211,0.9690
20190212,0.9740
20190213,0.9860
20190214,0.9880
20190215,0.9780
20190218,1.0030
20190219,1.0030
20190220,1.0010
20190221,0.9950
20190222,1.0180
20190225,1.0710
20190226,1.0560
20190227,1.0490
20190228,1.0600
20190301,1.0660
20190304,1.0790
20190305,1.0910
20190306,1.1010
20190307,1.0960
20190308,1.0680
20190311,1.0970
20190312,1.1090
20190313,1.0980
20190314,1.0810
20190315,1.0910
20190318,1.1120
20190319,1.1220
20190320,1.1220
20190321,1.1310
20190322,1.1280
20190325,1.1130
20190326,1.0960
20190327,1.1020
20190328,1.0950
20190329,1.1350
20190401,1.1690
20190402,1.1680
20190403,1.1830
20190404,1.1840
20190408,1.1850
20190409,1.1850
20190410,1.1830
20190411,1.1580
20190412,1.1550
20190415,1.1490
20190416,1.1710
20190417,1.1730
20190418,1.1680
20190419,1.1730
20190422,1.1610
20190423,1.1570
20190424,1.1650
20190425,1.1410
20190426,1.1300
20190429,1.1360
20190430,1.1410
20190506,1.0780
20190507,1.0860
20190508,1.0790
20190509,1.0630
20190510,1.1010
20190513,1.0910
20190514,1.0880
20190515,1.1060
20190516,1.1020
20190517,1.0770
20190520,1.0680
20190521,1.0840
20190522,1.0790
20190523,1.0580
20190524,1.0580
20190527,1.0680
20190528,1.0730
20190529,1.0750
20190530,1.0670
20190531,1.0690
20190603,1.0610
20190604,1.0570
20190605,1.0530
20190606,1.0450
20190610,1.0510
20190611,1.0750
20190612,1.0690
20190613,1.0700
20190614,1.0610
20190617,1.0560
20190618,1.0560
20190619,1.0710
20190620,1.0910
20190621,1.0950
20190624,1.0930
20190625,1.0880
20190626,1.0900
20190627,1.1000
20190628,1.0980
20190630,1.0980
20190701,1.1230
20190702,1.1210
20190703,1.1100
20190704,1.1020
20190705,1.1070
20190708,1.0880
20190709,1.0880
20190710,1.0840
20190711,1.0860
20190712,1.0920
20190715,1.0960
20190716,1.0950
20190717,1.0940
20190718,1.0850
20190719,1.0920
20190722,1.0870
20190723,1.0930
20190724,1.1010
20190725,1.1090
20190726,1.1090
20190729,1.1100
20190730,1.1100
20190731,1.1030
20190801,1.0970
20190802,1.0850
20190805,1.0760
20190806,1.0660
20190807,1.0620
20190808,1.0670
20190809,1.0550
20190812,1.0740
20190813,1.0710
20190814,1.0780
20190815,1.0830
20190816,1.0840
20190819,1.1090
20190820,1.1080
20190821,1.1090
20190822,1.1080
20190823,1.1070
20190826,1.0930
20190827,1.1110
20190828,1.1060
20190829,1.1060
20190830,1.0990
20190902,1.1140
20190903,1.1220
20190904,1.1270
20190905,1.1340
20190906,1.1380
20190909,1.1560
20190910,1.1500
20190911,1.1440
20190912,1.1490
20190916,1.1480
20190917,1.1320
20190918,1.1350
20190919,1.1420
20190920,1.1430
20190923,1.1350
20190924,1.1390
20190925,1.1270
20190926,1.1100
20190927,1.1130
20190930,1.1010
20191008,1.1000
20191009,1.1040
20191010,1.1170
20191011,1.1200
20191014,1.1270
20191015,1.1170
20191016,1.1130
20191017,1.1190
20191018,1.1070
20191021,1.1070
20191022,1.1140
20191023,1.1010
20191024,1.0970
20191025,1.1030
20191028,1.1140
20191029,1.1090
20191030,1.1020
20191031,1.0980
20191101,1.1100
20191104,1.1160
20191105,1.1240
20191106,1.0650
20191107,1.0680
20191108,1.0670
20191111,1.0500
20191112,1.0490
20191113,1.0520
20191114,1.0560
20191115,1.0480
20191118,1.0510
20191119,1.0630
20191120,1.0540
20191121,1.0500
20191122,1.0360
20191125,1.0350
20191126,1.0390
20191127,1.0410
20191128,1.0410
20191129,1.0340
20191202,1.0330
20191203,1.0330
20191204,1.0350
20191205,1.0490
20191206,1.0550
20191209,1.0530
20191210,1.0540
20191211,1.0520
20191212,1.0510
20191213,1.0660
20191216,1.0840
20191217,1.0930
20191218,1.0900
20191219,1.0820
20191220,1.0800
20191223,1.0680
20191224,1.0780
20191225,1.0860
20191226,1.0960
20191227,1.0910
20191230,1.1000
20191231,1.1050
20200102,1.1230
20200103,1.1270
20200106,1.1270
20200107,1.1320
20200108,1.1250
20200109,1.1410
20200110,1.1370
20200113,1.1590
20200114,1.1510
20200115,1.1530
20200116,1.1480
20200117,1.1440
20200120,1.1580
20200121,1.1510
20200122,1.1700
20200123,1.1310
20200203,1.0540
20200204,1.0880
20200205,1.0900
20200206,1.1080
20200207,1.1120
20200210,1.1160
20200211,1.1280
20200212,1.1460
20200213,1.1490
20200214,1.1500
20200217,1.1800
20200218,1.1950
20200219,1.1870
20200220,1.2140
20200221,1.2340
20200224,1.2390
20200225,1.2440
20200226,1.1970
20200227,1.1950
20200228,1.1640
20200302,1.1910
20200303,1.1960
20200304,1.1970
20200305,1.2060
20200306,1.1920
20200309,1.1600
20200310,1.1860
20200311,1.1660
20200312,1.1490
20200313,1.1370
20200316,1.0910
20200317,1.0920
20200318,1.0830
20200319,1.0850
20200320,1.1010
20200323,1.0650
20200324,1.0830
20200325,1.1030
20200326,1.0970
20200327,1.0980
20200330,1.0850
20200331,1.0870
20200401,1.0870
20200402,1.1030
20200403,1.0980
20200407,1.1270
20200408,1.1250
20200409,1.1270
20200410,1.1130
20200413,1.1160
20200414,1.1370
20200415,1.1280
20200416,1.1400
20200417,1.1480
20200420,1.1600
20200421,1.1580
20200422,1.1630
20200423,1.1640
20200424,1.1540
20200427,1.1570
20200428,1.1590
20200429,1.1660
20200430,1.1630
20200506,1.1720
20200507,1.1780
20200508,1.1800
20200511,1.1730
20200512,1.1780
20200513,1.1860
20200514,1.1770
20200515,1.1870
20200518,1.1970
20200519,1.2070
20200520,1.1960
20200521,1.1860
20200522,1.1730
20200525,1.1810
20200526,1.1960
20200527,1.1810
20200528,1.1770
20200529,1.1910
20200601,1.2160
20200602,1.2080
20200603,1.2050
20200604,1.2030
20200605,1.2010
20200608,1.2000
20200609,1.2080
20200610,1.2180
20200611,1.2190
20200612,1.2270
20200615,1.2150
20200616,1.2380
20200617,1.2390
20200618,1.2350
20200619,1.2590
20200622,1.2660
20200623,1.2760
20200624,1.2870
20200629,1.2780
20200630,1.3010
20200701,1.3080
20200702,1.3130
20200703,1.3140
20200706,1.3440
20200707,1.3780
20200708,1.3980
20200709,1.4310
20200710,1.4240
20200713,1.4630
20200714,1.4480
20200715,1.4300
20200716,1.3680
20200717,1.3850
20200720,1.4080
20200721,1.4250
20200722,1.4330
20200723,1.4460
20200724,1.3820
20200727,1.3820
20200728,1.4000
20200729,1.4350
20200730,1.4340
20200731,1.4610
20200803,1.4860
20200804,1.4710
20200805,1.4970
20200806,1.4810
20200807,1.4740
20200810,1.4570
20200811,1.4420
20200812,1.4080
20200813,1.4050
20200814,1.4210
20200817,1.4390
20200818,1.4520
20200819,1.4240
20200820,1.4070
20200821,1.4250
20200824,1.4280
20200825,1.4240
20200826,1.3940
20200827,1.4090
20200828,1.4310
20200831,1.4320
20200901,1.4420
20200902,1.4460
20200903,1.4370
20200904,1.4300
20200907,1.4000
20200908,1.4000
20200909,1.3620
20200910,1.3660
20200911,1.3870
20200914,1.3960
20200915,1.4130
20200916,1.4030
20200917,1.3980
20200918,1.4230
20200921,1.4130
20200922,1.3990
20200923,1.4120
20200924,1.3870
20200925,1.3880
20200928,1.3840
20200929,1.3870
20200930,1.3860
20201009,1.4240
20201012,1.4650
20201013,1.4730
20201014,1.4650
20201015,1.4500
20201016,1.4400
20201019,1.4280
20201020,1.4450
20201021,1.4350
20201022,1.4250
20201023,1.3950
20201026,1.4000
20201027,1.4050
20201028,1.4110
20201029,1.4200
20201030,1.3990
20201102,1.4040
20201103,1.4150
20201104,1.4200
20201105,1.4380
20201106,1.4240
20201109,1.4460
20201110,1.4280
20201111,1.4150
20201112,1.4120
20201113,1.4120
20201116,1.4200
20201117,1.4150
20201118,1.4070
20201119,1.4210
20201120,1.4200
20201123,1.4280
20201124,1.4160
20201125,1.3950
20201126,1.3970
20201127,1.4070
20201130,1.4010
20201201,1.4170
20201202,1.4170
20201203,1.4180
20201204,1.4220
20201207,1.4070
20201208,1.3990
20201209,1.3820
20201210,1.3790
20201211,1.3620
20201214,1.3680
20201215,1.3680
20201216,1.3660
20201217,1.3230
20201218,1.3160
20201221,1.3290
20201222,1.3150
20201223,1.3260
20201224,1.3160
20201225,1.3200
20201228,1.3220
20201229,1.3210
20201230,1.3340
20201231,1.3590
20210104,1.3650
20210105,1.3720
20210106,1.3790
20210107,1.3860
20210108,1.3720
20210111,1.3620
20210112,1.3900
20210113,1.3860
20210114,1.3560
20210115,1.3500
20210118,1.3450
20210119,1.3280
20210120,1.3630
20210121,1.3810
20210122,1.4170
20210125,1.4530
20210126,1.4240
20210127,1.4110
20210128,1.3790
20210129,1.3860
20210201,1.4050
20210202,1.4360
20210203,1.4420
20210204,1.4390
20210205,1.4520
20210208,1.4700
20210209,1.4980
20210210,1.5350
20210218,1.4870
20210219,1.4820
20210222,1.4080
20210223,1.4000
20210224,1.3510
20210225,1.3490
20210226,1.3200
20210301,1.3360
20210302,1.3150
20210303,1.3300
20210304,1.2810
20210305,1.2840
20210308,1.2270
20210309,1.2030
20210310,1.2250
20210311,1.2520
20210312,1.2560
20210315,1.2200
20210316,1.2360
20210317,1.2480
20210318,1.2670
20210319,1.2430
20210322,1.2530
20210323,1.2500
20210324,1.2450
20210325,1.2520
20210326,1.2870
20210329,1.2920
20210330,1.3040
20210331,1.2950
20210401,1.3130
20210402,1.3350
20210406,1.3270
20210407,1.3180
20210408,1.3340
20210409,1.3160
20210412,1.2960
20210413,1.3010
20210414,1.3100
20210415,1.2990
20210416,1.2990
20210419,1.3210
20210420,1.3310
20210421,1.3460
20210422,1.3480
20210423,1.3650
20210426,1.3580
20210427,1.3800
20210428,1.3990
20210429,1.4010
20210430,1.4010
20210506,1.3710
20210507,1.3350
20210510,1.3440
20210511,1.3620
20210512,1.3800
20210513,1.3810
20210514,1.3990
20210517,1.4320
20210518,1.4220
20210519,1.4140
20210520,1.4240
20210521,1.4130
20210524,1.4150
20210525,1.4530
20210526,1.4480
20210527,1.4600
20210528,1.4440
20210531,1.4580
20210601,1.4720
20210602,1.4420
20210603,1.4370
20210604,1.4440
20210607,1.4460
20210608,1.4300
20210609,1.4290
20210610,1.4400
20210611,1.4360
20210615,1.4270
20210616,1.3960
20210617,1.4030
20210618,1.4070
20210621,1.4220
20210622,1.4380
20210623,1.4350
20210624,1.4210
20210625,1.4440
20210628,1.4630
20210629,1.4480
20210630,1.4490
20210701,1.4650
20210702,1.4100
20210705,1.4060
20210706,1.3740
20210707,1.4030
20210708,1.3790
20210709,1.3710
20210712,1.3950
20210713,1.4020
20210714,1.4110
20210715,1.4200
20210716,1.3930
20210719,1.4100
20210720,1.4110
20210721,1.4230
20210722,1.3940
20210723,1.3580
20210726,1.3020
20210727,1.2700
20210728,1.2950
20210729,1.3190
20210730,1.2950
20210802,1.3190
20210803,1.3440
20210804,1.3460
20210805,1.3450
20210806,1.3200
20210809,1.3360
20210810,1.3500
20210811,1.3380
20210812,1.3230
20210813,1.3170
20210816,1.3140
20210817,1.2720
20210818,1.2760
20210819,1.2810
20210820,1.2390
20210823,1.2570
20210824,1.2780
20210825,1.2850
20210826,1.2530
20210827,1.2590
20210830,1.2510
20210831,1.2320
20210901,1.2490
20210902,1.2200
20210903,1.2230
20210906,1.2630
20210907,1.2650
20210908,1.2560
20210909,1.2480
20210910,1.2490
20210913,1.2420
20210914,1.2520
20210915,1.2380
20210916,1.2380
20210917,1.2660
20210922,1.2550
20210923,1.2530
20210924,1.2690
20210927,1.2860
20210928,1.2800
20210929,1.2680
20210930,1.2850
20211008,1.2810
20211011,1.2660
20211012,1.2600
20211013,1.2850
20211014,1.2690
20211015,1.2660
20211018,1.2440
20211019,1.2630
20211020,1.2540
20211021,1.2550
20211022,1.2630
20211025,1.2660
20211026,1.2600
20211027,1.2430
20211028,1.2340
20211029,1.2510
20211101,1.2380
20211102,1.2310
20211103,1.2280
20211104,1.2350
20211105,1.2330
20211108,1.2210
20211109,1.2290
20211110,1.2260
20211111,1.2370
20211112,1.2340
20211115,1.2450
20211116,1.2670
20211117,1.2680
20211118,1.2530
20211119,1.2590
20211122,1.2610
20211123,1.2630
20211124,1.2810
20211125,1.2750
20211126,1.2760
20211129,1.2790
20211130,1.2700
20211201,1.2620
20211202,1.2570
20211203,1.2660
20211206,1.2570
20211207,1.2620
20211208,1.2840
20211209,1.3040
20211210,1.2980
20211213,1.2950
20211214,1.2910
20211215,1.2720
20211216,1.2730
20211217,1.2080
20211220,1.1890
20211221,1.1970
20211222,1.2040
20211223,1.2060
20211224,1.2050
20211227,1.2070
20211228,1.2170
20211229,1.2050
20211230,1.2120
20211231,1.2090
20220104,1.1850
20220105,1.1580
20220106,1.1480
20220107,1.1350
20220110,1.1360
20220111,1.1210
20220112,1.1380
20220113,1.1230
20220114,1.1230
20220117,1.1350
20220118,1.1380
20220119,1.1170
20220120,1.1010
20220121,1.0840
20220124,1.0930
20220125,1.0780
20220126,1.0720
20220127,1.0560
20220128,1.0520
20220207,1.0530
20220208,1.0430
20220209,1.0540
20220210,1.0480
20220211,1.0310
20220214,1.0320
20220215,1.0510
20220216,1.0470
20220217,1.0510
20220218,1.0480
20220221,1.0480
20220222,1.0350
20220223,1.0550
20220224,1.0560
20220225,1.0660
20220228,1.0700
20220301,1.0790
20220302,1.0720
20220303,1.0580
20220304,1.0520
20220307,1.0340
20220308,1.0080
20220309,0.9990
20220310,1.0190
20220311,1.0260
20220314,1.0160
20220315,0.9860
20220316,1.0100
20220317,1.0250
20220318,1.0220
20220321,1.0330
20220322,1.0270
20220323,1.0430
20220324,1.0450
20220325,1.0310
20220328,1.0250
20220329,1.0280
20220330,1.0390
20220331,1.0260
20220401,1.0240
20220406,1.0090
20220407,1.0000
20220408,0.9950
20220411,0.9730
20220412,0.9790
20220413,0.9610
20220414,0.9700
20220415,0.9640
20220418,0.9770
20220419,0.9760
20220420,0.9600
20220421,0.9380
20220422,0.9330
20220425,0.8910
20220426,0.8720
20220427,0.9060
20220428,0.9080
20220429,0.9360
20220505,0.9510
20220506,0.9370
20220509,0.9460
20220510,0.9560
20220511,0.9580
20220512,0.9590
20220513,0.9620
20220516,0.9560
20220517,0.9660
20220518,0.9610
20220519,0.9650
20220520,0.9710
20220523,0.9700
20220524,0.9470
20220525,0.9550
20220526,0.9660
20220527,0.9620
20220530,0.9720
20220531,0.9820
20220601,0.9860
20220602,0.9930
20220606,1.0150
20220607,1.0120
20220608,1.0130
20220609,0.9980
20220610,1.0220
20220613,1.0240
20220614,1.0130
20220615,1.0100
20220616,1.0140
20220617,1.0230
20220620,1.0350
20220621,1.0230
20220622,1.0130
20220623,1.0400
20220624,1.0660
20220627,1.0740
20220628,1.0860
20220629,1.0620
20220630,1.0730
20220701,1.0690
20220704,1.0970
20220705,1.0930
20220706,1.0850
20220707,1.1010
20220708,1.0860
20220711,1.0770
20220712,1.0590
20220713,1.0570
20220714,1.0750
20220715,1.0660
20220718,1.0610
20220719,1.0530
20220720,1.0700
20220721,1.0640
20220722,1.0610
20220725,1.0620
20220726,1.0680
20220727,1.0730
20220728,1.0770
20220729,1.0650
20220801,1.0730
20220802,1.0650
20220803,1.0770
20220804,1.0730
20220805,1.0730
20220808,1.0970
20220809,1.1150
20220810,1.1190
20220811,1.1160
20220812,1.0960
20220815,1.1030
20220816,1.1120
20220817,1.1050
20220818,1.1240
20220819,1.1130
20220822,1.1250
20220823,1.1290
20220824,1.0960
20220825,1.0880
20220826,1.0700
20220829,1.0790
20220830,1.0710
20220831,1.0460
20220901,1.0440
20220902,1.0480
20220905,1.0530
20220906,1.0760
20220907,1.0910
20220908,1.0940
20220909,1.0880
20220913,1.0910
20220914,1.1020
20220915,1.0760
20220916,1.0780
20220919,1.0640
20220920,1.0650
20220921,1.0560
20220922,1.0750
20220923,1.0670
20220926,1.0630
20220927,1.0800
20220928,1.0580
20220929,1.0640
20220930,1.0410
20221010,1.0250
20221011,1.0240
20221012,1.0390
20221013,1.0520
20221014,1.0670
20221017,1.0750
20221018,1.0870
20221019,1.0770
20221020,1.0710
20221021,1.0670
20221024,1.0950
20221025,1.0890
20221026,1.0890
20221027,1.0760
20221028,1.0710
20221031,1.0860
20221101,1.0890
20221102,1.0770
20221103,1.0850
20221104,1.0910
20221107,1.0750
20221108,1.0690
20221109,1.0650
20221110,1.0550
20221111,1.0590
20221114,1.0470
20221115,1.0570
20221116,1.0480
20221117,1.0470
20221118,1.0390
20221121,1.0470
20221122,1.0360
20221123,1.0360
20221124,1.0340
20221125,1.0210
20221128,1.0220
20221129,1.0220
20221130,1.0240
20221201,1.0290
20221202,1.0260
20221205,1.0190
20221206,1.0190
20221207,1.0160
20221208,1.0120
20221209,1.0150
20221212,1.0180
20221213,1.0060
20221214,1.0000
20221215,1.0000
20221216,0.9900
20221219,0.9810
20221220,0.9790
20221221,0.9700
20221222,0.9630
20221223,0.9560
20221226,0.9780
20221227,0.9930
20221228,0.9890
20221229,1.0000
20221230,1.0030
20221231,1.0030
20230103,1.0160
20230104,1.0110
20230105,1.0220
20230106,1.0200
20230109,1.0080
20230110,1.0080
20230111,0.9970
20230112,0.9970
20230113,0.9880
20230116,1.0030
20230117,1.0070
20230118,1.0030
20230119,1.0160
20230120,1.0160
20230130,1.0310
20230131,1.0240
20230201,1.0310
20230202,1.0240
20230203,1.0240
20230206,1.0180
20230207,1.0120
20230208,1.0000
20230209,1.0130
20230210,1.0030
20230213,1.0060
20230214,1.0020
20230215,0.9970
20230216,0.9890
20230217,0.9800
20230220,0.9850
20230221,0.9860
20230222,0.9850
20230223,0.9900
20230224,0.9940
20230227,0.9950
20230228,0.9960
20230301,0.9970
20230302,0.9960
20230303,0.9960
20230306,1.0080
20230307,0.9920
20230308,0.9940
20230309,0.9850
20230310,0.9730
20230313,0.9720
20230314,0.9630
20230315,0.9550
20230316,0.9460
20230317,0.9340
20230320,0.9310
20230321,0.9470
20230322,0.9440
20230323,0.9420
20230324,0.9390
20230327,0.9340
20230328,0.9270
20230329,0.9240
20230330,0.9330
20230331,0.9340
20230403,0.9410
20230404,0.9330
20230406,0.9420
20230407,0.9520
20230410,0.9480
20230411,0.9420
20230412,0.9370
20230413,0.9360
20230414,0.9450
20230417,0.9440
20230418,0.9420
20230419,0.9430
20230420,0.9410
20230421,0.9330
20230424,0.9280
20230425,0.9140
20230426,0.9220
20230427,0.9370
20230428,0.9350
20230504,0.9310
20230505,0.9210
20230508,0.9220
20230509,0.9080
20230510,0.9060
20230511,0.9050
20230512,0.8980
20230515,0.9130
20230516,0.9110
20230517,0.9180
20230518,0.9170
20230519,0.9250
20230522,0.9270
20230523,0.9210
20230524,0.9210
20230525,0.9220
20230526,0.9190
20230529,0.9220
20230530,0.9200
20230531,0.9170
20230601,0.9140
20230602,0.9140
20230605,0.9060
20230606,0.8940
20230607,0.8870
20230608,0.8860
20230609,0.8890
20230612,0.8880
20230613,0.8900
20230614,0.8900
20230615,0.9050
20230616,0.9130
20230619,0.9130
20230620,0.9280
20230621,0.9160
20230626,0.9040
20230627,0.9110
20230628,0.9170
20230629,0.9230
20230630,0.9380
20230703,0.9390
20230704,0.9430
20230705,0.9320
20230706,0.9230
20230707,0.9170
20230710,0.9190
20230711,0.9250
20230712,0.9140
20230713,0.9170
20230714,0.9090
20230717,0.9070
20230718,0.9130
20230719,0.9040
20230720,0.8960
20230721,0.8960
20230724,0.8940
20230725,0.9030
20230726,0.9010
20230727,0.8910
20230728,0.8950
20230731,0.8920
20230801,0.8980
20230802,0.8980
20230803,0.8950
20230804,0.8970
20230807,0.8950
20230808,0.8980
20230809,0.9000
20230810,0.8950
20230811,0.8890
20230814,0.8910
20230815,0.8870
20230816,0.8790
20230817,0.8950
20230818,0.8920
20230821,0.8810
20230822,0.8900
20230823,0.8760
20230824,0.8800
20230825,0.8750
20230828,0.8780
20230829,0.8990
20230830,0.9020
20230831,0.8950
20230901,0.8910
20230904,0.8980
20230905,0.8950
20230906,0.9050
20230907,0.8980
20230908,0.9090
20230911,0.9010
20230912,0.8990
20230913,0.8910
20230914,0.8890
20230915,0.8880
20230918,0.8900
20230919,0.8800
20230920,0.8750
20230921,0.8690
20230922,0.8790
20230925,0.8750
20230926,0.8690
20230927,0.8740
20230928,0.8780
20231009,0.8780
20231010,0.8690
20231011,0.8590
20231012,0.8570
20231013,0.8490
